county_fips,iv1_medicaid_expansion_active,iv2_physical_environment_score,iv3_health_behaviors_score,iv4_social_economic_factors_score,iv41_high_school_completion,iv42_some_college,iv43_unemployment,iv44_children_in_poverty,iv45_income_inequality,iv46_children_single_parent,iv47_social_associations,iv48_injury_deaths,iv31_adult_smoking,iv32_adult_obesity,iv33_food_environment_index,iv34_physical_inactivity,iv35_access_exercise_ops,iv36_excessive_drinking,iv37_alcohol_driving_deaths,iv38_sti,iv39_teen_births,iv21_air_pollution_pm,iv22_drinking_water_violations,iv23_severe_housing_problems,iv24_driving_alone_work,iv25_long_commute_driving_alone,mo1_genai_capabilities_score,mo2_robotics_capabilities_score,mo11_ai_automate_routine_tasks,mo12_ai_optimize_workflows,mo13_ai_predict_patient_demand,mo14_ai_predict_staffing_needs,mo15_ai_staff_scheduling,mo21_robotics_in_hospital,dv1_clinical_care_score,dv2_health_outcomes_score,dv3_operational_efficiency_margin,dv11_uninsured,dv12_physicians_ratio,dv13_dentists_ratio,dv14_mental_health_providers_ratio,dv15_preventable_stays_rate,dv16_mammography_screening,dv17_flu_vaccinations,dv21_premature_death_ypll_rate,dv22_poor_fair_health,dv23_poor_physical_health_days,dv24_poor_mental_health_days,dv25_low_birthweight,ct1_population,ct2_census_division,log_population,div_2,div_3,div_4,div_5,div_6,div_7,div_8,div_9
01001,0,2.7445070803165437,48.49579097956419,10.134138997178525,0.9040260910987854,0.6414750218391418,0.022695882245898247,0.15700000524520874,4.6376752853393555,0.22702506184577942,12.691429138183594,68.03347778320312,0.16899999976158142,0.3889999985694885,6.699999809265137,0.29100000858306885,0.5449196696281433,0.15237821638584137,0.290909081697464,577.0,20.90888023376465,10.0,0.0,0.15375696122646332,0.8542784452438354,0.42899999022483826,1.0,3.0,0.0,100.0,0.0,0.0,0.0,0.0,1626.850847181976,4704.972510676086,-0.134,0.10018560290336609,2272.884521484375,3319.9443359375,2716.318115234375,3915.0,4.0,37.0,9407.9482421875,0.17299999296665192,3.9102649688720703,5.703204154968262,0.09871335327625275,58761,5,10.981233648522853,0,0,0,1,0,0,0,0
01003,0,2.3754497095942497,27.742231903374197,11.176548715084792,0.9159930944442749,0.6568042039871216,0.0235004723072052,0.16099999845027924,4.482449054718018,0.19051286578178406,9.653396606445312,77.50798797607422,0.15000000596046448,0.3720000088214874,7.5,0.2759999930858612,0.6312934756278992,0.16422563791275024,0.3614457845687866,317.6000061035156,20.20223617553711,7.599999904632568,1.0,0.12427865713834763,0.8134700059890747,0.3790000081062317,0.0,3.25,0.0,0.0,0.0,0.0,0.0,46.7032967032967,1101.774030142203,4491.7295072183015,0.092,0.10997066646814346,1595.2933349609375,2124.439697265625,906.0110473632812,2799.0,44.0,42.0,8981.5751953125,0.15199999511241913,3.730942964553833,5.373666286468506,0.08124318718910217,233420,5,12.360594684966344,0,0,0,1,0,0,0,0
01005,0,2.5809551417827605,61.90532405585051,12.181614794842899,0.7649222016334534,0.40454474091529846,0.04065040871500969,0.37700000405311584,5.576797008514404,0.5066044926643372,8.412113189697266,85.21585083007812,0.25,0.4339999854564667,6.0,0.4020000100135803,0.5485469698905945,0.1227719783782959,0.3142857253551483,729.0,36.61853790283203,9.399999618530273,0.0,0.15075106918811798,0.8205251097679138,0.367000013589859,0.0,0.0,0.0,0.0,0.0,0.0,0.0,0.0,1475.3856027758122,6570.57993965447,-0.186,0.1267763376235962,2496.39990234375,3088.25,3529.428466796875,3040.0,42.0,35.0,13138.8486328125,0.27300000190734863,5.023488521575928,6.014294147491455,0.12272490561008453,24877,5,10.121698960804775,0,0,0,1,0,0,0,0
01007,0,2.704285216331482,56.320113735496996,14.091700394097716,0.7886342406272888,0.38993510603904724,0.025097409263253212,0.2549999952316284,5.669236660003662,0.3071337044239044,8.897984504699707,99.9330825805664,0.2199999988079071,0.3959999978542328,7.599999904632568,0.36000001430511475,0.4339030086994171,0.14785821735858917,0.1538461595773697,662.9000244140625,31.9229793548584,9.800000190734863,0.0,0.12258952856063843,0.8798363208770752,0.5379999876022339,0.0,0.0,0.0,0.0,0.0,0.0,0.0,0.0,1715.9411805332452,6338.796680144966,-0.042,0.11379928141832352,1498.4666748046875,4401.0,2000.45458984375,4651.0,36.0,28.0,12675.4345703125,0.2199999988079071,4.552794933319092,5.824583530426025,0.09828571230173111,22251,5,10.010142230404668,0,0,0,1,0,0,0,0
01009,0,2.6517051860690115,28.205747699290516,13.662033479325473,0.8175514936447144,0.5197596549987793,0.022251512855291367,0.15800000727176666,4.6119465827941895,0.22969476878643036,7.621822357177734,97.72917175292969,0.19599999487400055,0.37700000405311584,7.699999809265137,0.30399999022483826,0.41355228424072266,0.14946115016937256,0.130952388048172,318.3999938964844,25.123231887817383,9.600000381469727,0.0,0.10657864063978195,0.8489468097686768,0.6060000061988831,0.0,3.0,0.0,0.0,0.0,0.0,0.0,0.0,1855.5595841261745,5771.772485810518,-0.14,0.12819978594779968,4920.08349609375,5951.2001953125,3719.5,2499.0,35.0,36.0,11541.4951171875,0.1860000044107437,4.246335029602051,5.66485071182251,0.07604321092367172,59077,5,10.986596956750757,0,0,0,1,0,0,0,0
01011,0,2.566864103078842,69.4183374607563,15.097103426977991,0.7337898015975952,0.3272864818572998,0.028107158839702606,0.38999998569488525,7.145819664001465,0.6304647922515869,5.813953399658203,108.17401885986328,0.25699999928474426,0.48899999260902405,4.199999809265137,0.4359999895095825,0.42348170280456543,0.11528829485177994,0.26923078298568726,823.5999755859375,37.43016815185547,9.300000190734863,0.0,0.09620991349220276,0.8861103653907776,0.45399999618530273,0.0,0.0,0.0,0.0,0.0,0.0,0.0,0.0,1861.4005366143583,6920.1232166439295,0.534,0.12214645743370056,5160.0,5101.0,5101.0,2268.0,51.0,28.0,13837.8994140625,0.3070000112056732,5.152512073516846,5.973145008087158,0.15121951699256897,10328,5,9.242613932526478,0,0,0,1,0,0,0,0
01013,0,2.755374236404896,90.7751214748621,15.382441556043922,0.8759233951568604,0.391718327999115,0.03418900445103645,0.33000001311302185,4.8787336349487305,0.3927727937698364,9.00232982635498,109.9228515625,0.210999995470047,0.41999998688697815,7.199999809265137,0.36500000953674316,0.4272216558456421,0.12821131944656372,0.28333333134651184,1090.9000244140625,34.834991455078125,9.100000381469727,1.0,0.11503759771585464,0.8608331084251404,0.35199999809265137,0.0,0.0,0.0,0.0,0.0,0.0,0.0,0.0,1615.8852981811017,6360.4370132118465,-0.215,0.11903452128171921,3776.800048828125,2664.28564453125,1165.625,3396.0,39.0,29.0,12718.6328125,0.23399999737739563,4.627377033233643,6.08088493347168,0.13190382719039917,18981,5,9.851193757814993,0,0,0,1,0,0,0,0
01015,0,2.647679840028286,46.28925124019384,13.98100580483675,0.8507177233695984,0.545473575592041,0.03032076358795166,0.2619999945163727,4.875970840454102,0.3271915912628174,13.623978614807129,97.01932525634766,0.20800000429153442,0.3889999985694885,5.900000095367432,0.3409999907016754,0.6669386029243469,0.13539905846118927,0.10476190596818924,545.0,25.979877471923828,9.699999809265137,0.0,0.10567646473646164,0.8522229790687561,0.3109999895095825,0.0,0.0,0.0,0.0,0.0,0.0,0.0,0.0,1246.1416938370467,6599.688341864943,,0.13217085599899292,1705.4705810546875,1543.8399658203125,632.7213134765625,3491.0,33.0,34.0,13197.2578125,0.20800000429153442,4.499556541442871,5.696610927581787,0.09509433805942535,116162,5,11.662741047541255,0,0,0,1,0,0,0,0
01017,0,2.6844584107398988,54.80534483924508,13.903971623182297,0.8345745801925659,0.5183391571044922,0.025732755661010742,0.3059999942779541,4.737707138061523,0.25327205657958984,17.660171508789062,94.64962005615234,0.2029999941587448,0.4390000104904175,7.199999809265137,0.3499999940395355,0.637524425983429,0.12812842428684235,0.25,645.5999755859375,30.473134994506836,9.800000190734863,0.0,0.16126656532287598,0.8555252552032471,0.3109999895095825,0.0,0.0,0.0,0.0,0.0,0.0,0.0,0.0,1836.1694382984936,6068.821319240332,,0.12626881897449493,2467.21435546875,4869.71435546875,8522.0,3163.0,3.0,41.0,12135.4814453125,0.2199999988079071,4.504783630371094,5.812211513519287,0.13448534905910492,34612,5,10.451955721726629,0,0,0,1,0,0,0,0
01019,0,2.606810323894024,25.144480350613595,14.53060090970248,0.8192517161369324,0.5343626737594604,0.023426812142133713,0.22699999809265137,4.520771503448486,0.2929163873195648,9.201472282409668,103.57488250732422,0.22200000286102295,0.3779999911785126,7.199999809265137,0.328000009059906,0.3820832073688507,0.14357289671897888,0.1111111119389534,276.0,29.602039337158203,9.5,0.0,0.0742962583899498,0.8537553548812866,0.4620000123977661,0.0,0.0,0.0,0.0,0.0,0.0,0.0,0.0,1795.9162773364783,6207.46786082685,,0.12984079122543335,2272.363525390625,6325.5,1807.2857666015625,4153.0,35.0,43.0,12412.728515625,0.20600000023841858,4.463063716888428,6.228824615478516,0.06907090544700623,25069,5,10.129387302044055,0,0,0,1,0,0,0,0
01021,0,2.716088739037514,30.313913729339838,13.561082556210458,0.8216211199760437,0.4566417336463928,0.022698115557432175,0.22100000083446503,4.086108684539795,0.19481855630874634,15.46141242980957,93.55925750732422,0.21699999272823334,0.4230000078678131,7.099999904632568,0.3409999907016754,0.3130359351634979,0.15131951868534088,0.2295081913471222,331.29998779296875,38.82084274291992,9.899999618530273,0.0,0.12718786299228668,0.8232563138008118,0.5099999904632568,0.0,3.0,0.0,0.0,0.0,0.0,0.0,0.0,1838.407357902825,5477.649983550608,0.125,0.14503219723701477,4527.39990234375,3823.666748046875,1274.5555419921875,3581.0,33.0,37.0,10953.150390625,0.20600000023841858,4.42650032043457,5.9388203620910645,0.08828084915876389,45140,5,10.717524050371527,0,0,0,1,0,0,0,0
01023,0,2.5704120650887488,32.42320195689798,16.093342732451855,0.8239063024520874,0.5076985359191895,0.03838994726538658,0.31200000643730164,6.180199146270752,0.38598576188087463,21.543127059936523,108.9599838256836,0.22300000488758087,0.44699999690055847,6.199999809265137,0.3709999918937683,0.25163838267326355,0.11891855299472809,0.4285714328289032,367.0,30.02879524230957,9.300000190734863,0.0,0.09568480402231216,0.8743752837181091,0.5139999985694885,0.0,0.0,0.0,0.0,0.0,0.0,0.0,0.0,1789.770203782022,6169.586068978906,-0.019,0.12740692496299744,2506.60009765625,2073.166748046875,12439.0,2712.0,44.0,34.0,12336.873046875,0.2409999966621399,4.708001613616943,6.322864055633545,0.11179487407207489,12669,5,9.446913343602054,0,0,0,1,0,0,0,0
01025,0,2.866663359105587,61.01231313318014,13.977492774389685,0.8139244318008423,0.40147116780281067,0.05003898963332176,0.33000001311302185,5.745419979095459,0.4140378534793854,16.69595718383789,95.17658996582031,0.2150000035762787,0.4339999854564667,5.5,0.382999986410141,0.5301252007484436,0.12290342897176743,0.3414634168148041,725.0,30.034000396728516,9.5,1.0,0.12171582132577896,0.904600977897644,0.36399999260902405,0.0,0.0,0.0,0.0,0.0,0.0,0.0,0.0,1487.2399116214365,7443.384675960243,0.059666666666666666,0.12273242324590683,2528.888916015625,2814.375,1072.142822265625,3623.0,34.0,26.0,14884.576171875,0.2370000034570694,4.635447978973389,5.8319292068481445,0.13076151907444,23058,5,10.045768059792898,0,0,0,1,0,0,0,0
01027,0,2.3722439482808113,37.25067939862609,15.951451077926905,0.8333830833435059,0.4714003801345825,0.022675367072224617,0.25200000405311584,5.543084144592285,0.2030927836894989,11.275546073913574,113.1305923461914,0.21199999749660492,0.41600000858306885,7.400000095367432,0.35100001096725464,0.6439308524131775,0.13697880506515503,0.4761904776096344,422.79998779296875,33.438236236572266,7.599999904632568,1.0,0.07856450229883194,0.8336553573608398,0.39800000190734863,0.0,0.0,0.0,0.0,0.0,0.0,0.0,0.0,1891.6881134796142,6891.042874959111,,0.13245391845703125,3547.5,7099.0,7099.0,2559.0,37.0,39.0,13779.8818359375,0.21299999952316284,4.502996444702148,6.1151814460754395,0.09419600665569305,14209,5,9.561630845638076,0,0,0,1,0,0,0,0
01029,0,2.595350559055805,23.270900696069003,16.45670213824138,0.8254938721656799,0.43236446380615234,0.02410030923783779,0.21699999272823334,4.357547760009766,0.2324434071779251,8.607561111450195,118.87747955322266,0.2070000022649765,0.3610000014305115,7.300000190734863,0.32199999690055847,0.42428267002105713,0.14568991959095,0.24137930572032928,251.60000610351562,30.449827194213867,9.399999618530273,0.0,0.0899742916226387,0.8517789840698242,0.5699999928474426,0.0,0.0,0.0,0.0,0.0,0.0,0.0,0.0,1419.477505760982,6434.48071321994,,0.12254861742258072,3775.75,,1918.25,2478.0,3.0,36.0,12866.791015625,0.1979999989271164,4.430706977844238,6.065322399139404,0.07901234924793243,15144,5,9.625359692889159,0,0,0,1,0,0,0,0
01031,0,2.50167153775692,49.12963869005441,10.82753747228533,0.8662052750587463,0.6242159008979797,0.025373894721269608,0.22599999606609344,5.039742469787598,0.32145121693611145,12.36755657196045,73.23672485351562,0.1850000023841858,0.39500001072883606,6.800000190734863,0.3059999942779541,0.5385766625404358,0.14615078270435333,0.27450981736183167,577.7999877929688,27.87761878967285,9.100000381469727,0.0,0.11929824948310852,0.8560589551925659,0.3160000145435333,0.0,0.0,0.0,0.0,0.0,0.0,0.0,0.0,1429.4684847399592,5268.046241723001,0.098,0.12498876452445984,1934.7857666015625,2884.4736328125,944.913818359375,3752.0,41.0,34.0,10533.99609375,0.1940000057220459,4.317594528198242,5.803434371948242,0.08345978707075119,53559,5,10.888539128981071,0,0,0,1,0,0,0,0
01033,0,2.4907881289720537,44.17981266215443,11.946600069887936,0.8638178110122681,0.5553153157234192,0.030282694846391678,0.2680000066757202,4.714694023132324,0.32801270484924316,15.833246231079102,80.39280700683594,0.19300000369548798,0.3930000066757202,6.800000190734863,0.31299999356269836,0.6886259913444519,0.14671505987644196,0.3103448152542114,516.7999877929688,26.87725067138672,8.100000381469727,1.0,0.10919936001300812,0.8537408113479614,0.23199999332427979,1.0,5.0,0.0,51.76056338028169,0.0,0.0,51.76056338028169,51.76056338028169,1349.1435526064038,5646.582882127166,-0.0925,0.10728171467781067,1512.4736328125,2001.137939453125,1758.5758056640625,3697.0,34.0,43.0,11291.0703125,0.18700000643730164,4.235057353973389,5.848336219787598,0.10343259572982788,57270,5,10.955532205387904,0,0,0,1,0,0,0,0
01035,0,2.5298032954335214,47.51826116412878,16.196231282800436,0.8942973017692566,0.4679080843925476,0.035360679030418396,0.4390000104904175,5.047994613647461,0.5266047120094299,7.0621466636657715,116.6822280883789,0.22499999403953552,0.453000009059906,6.800000190734863,0.3779999911785126,0.37406226992607117,0.1185307651758194,0.125,556.0999755859375,29.32298469543457,9.199999809265137,0.0,0.0806979313492775,0.8758187890052795,0.38499999046325684,0.0,0.0,0.0,0.0,0.0,0.0,0.0,0.0,2482.8962615327537,8781.661759731174,-0.155,0.11498753726482391,2265.60009765625,5603.0,1400.75,7136.0,29.0,39.0,17561.03515625,0.24500000476837158,4.802045822143555,6.107159614562988,0.14380531013011932,11576,5,9.35668926831132,0,0,0,1,0,0,0,0
01037,0,2.616188834607601,71.11882425837219,14.735788370985539,0.8348863124847412,0.4096216857433319,0.025342004373669624,0.31200000643730164,3.9541714191436768,0.3498190641403198,9.569377899169922,105.19988250732422,0.19900000095367432,0.38999998569488525,7.400000095367432,0.3330000042915344,0.04053143411874771,0.1335432231426239,0.3181818127632141,851.7000122070312,28.402366638183594,9.600000381469727,0.0,0.09215442091226578,0.7862892746925354,0.4050000011920929,0.0,0.0,0.0,0.0,0.0,0.0,0.0,0.0,1514.0982021400143,6969.072679130733,,0.11412829905748367,,,5083.0,2862.0,33.0,36.0,13936.0126953125,0.20200000703334808,4.348149299621582,5.876892566680908,0.1181364357471466,10329,5,9.242710752006634,0,0,0,1,0,0,0,0
01039,0,2.5013280481100084,41.6354888895154,14.364404175020754,0.8575642108917236,0.5135297775268555,0.02633315697312355,0.25,5.784775257110596,0.3351982533931732,12.258821487426758,100.22577667236328,0.21799999475479126,0.4020000100135803,6.900000095367432,0.31700000166893005,0.5821932554244995,0.13468515872955322,0.19565217196941376,474.3999938964844,37.42658233642578,9.100000381469727,0.0,0.1250416785478592,0.8745980858802795,0.2639999985694885,0.0,0.0,0.0,0.0,0.0,0.0,0.0,0.0,1719.5758600953222,6987.936060103774,0.153,0.13195112347602844,2084.666748046875,2685.857177734375,1253.4000244140625,4800.0,42.0,34.0,13973.7353515625,0.20600000023841858,4.4749603271484375,5.809788703918457,0.09654709696769714,37542,5,10.533215585226419,0,0,0,1,0,0,0,0
01041,0,2.498497460782528,68.63483449354767,14.438375326469542,0.8207258582115173,0.47956132888793945,0.026267357170581818,0.28299999237060547,5.9709577560424805,0.27185431122779846,11.46526050567627,101.1270523071289,0.20900000631809235,0.38199999928474426,6.599999904632568,0.3580000102519989,0.14824920892715454,0.13703301548957825,0.31578946113586426,825.5,24.16489028930664,9.100000381469727,0.0,0.09980040043592453,0.7856864333152771,0.46399998664855957,0.0,0.0,0.0,0.0,0.0,0.0,0.0,0.0,1921.9285516910254,6769.867786835134,-0.429,0.13647238910198212,4361.0,4341.66650390625,1447.22216796875,3895.0,4.0,31.0,13537.5771484375,0.2150000035762787,4.421192169189453,5.9555559158325195,0.10018903762102127,13205,5,9.488350824731233,0,0,0,1,0,0,0,0
01043,0,2.575670395791531,22.039847703129052,14.241602071207017,0.8461313247680664,0.5932290554046631,0.020642144605517387,0.18299999833106995,4.424696445465088,0.19599857926368713,9.721104621887207,101.18497467041016,0.1889999955892563,0.37700000405311584,7.5,0.30000001192092896,0.48653632402420044,0.15767788887023926,0.24561403691768646,235.8000030517578,30.706600189208984,9.399999618530273,0.0,0.10887033492326736,0.8519821166992188,0.33500000834465027,0.0,0.0,0.0,0.0,0.0,0.0,0.0,0.0,1432.737895565182,5875.985485798121,0.124,0.12143577635288239,2081.30224609375,2060.568115234375,625.27587890625,3896.0,47.0,47.0,11749.94140625,0.18199999630451202,4.263948917388916,5.528469085693359,0.08670436590909958,88284,5,11.388314169720264,0,0,0,1,0,0,0,0
01045,0,2.4948905989527703,53.026115334481,11.974023855812847,0.856621265411377,0.5929203629493713,0.026220787316560745,0.30300000309944153,5.001844882965088,0.2953108549118042,10.133355140686035,83.04328918457031,0.2029999941587448,0.3889999985694885,6.5,0.3449999988079071,0.44469448924064636,0.15170200169086456,0.25531914830207825,620.2000122070312,34.39927291870117,9.100000381469727,0.0,0.12213347107172012,0.8328190445899963,0.289000004529953,0.0,0.0,0.0,0.0,0.0,0.0,0.0,0.0,1535.4639096793533,5961.676531007886,0.004,0.11461576819419861,3524.428466796875,2914.35302734375,750.6666870117188,3253.0,42.0,37.0,11921.224609375,0.20600000023841858,4.274028778076172,5.987064361572266,0.08758503198623657,49455,5,10.80881844417394,0,0,0,1,0,0,0,0
01047,0,2.61311559677124,72.64042137667536,17.548709897957742,0.853101909160614,0.5282753705978394,0.050476398319005966,0.46799999475479126,5.487253665924072,0.5789356231689453,13.822802543640137,123.6480941772461,0.22100000083446503,0.44600000977516174,6.5,0.38100001215934753,0.5646612048149109,0.11202093958854675,0.3035714328289032,866.5999755859375,32.897701263427734,9.5,0.0,0.16709928214550018,0.8644787073135376,0.3179999887943268,0.0,0.0,0.0,0.0,0.0,0.0,0.0,0.0,1496.2086342540383,8841.329502055049,0.214,0.10756435990333557,1393.2962646484375,2828.230712890625,1414.1153564453125,4280.0,4.0,35.0,17680.34375,0.26600000262260437,4.8658223152160645,6.157573223114014,0.14343750476837158,38326,5,10.55388379602844,0,0,0,1,0,0,0,0
01049,0,2.092019498348236,24.161752338371322,14.409484355263412,0.7772656679153442,0.5079355835914612,0.023438002914190292,0.2370000034570694,4.8145647048950195,0.21044036746025085,8.772785186767578,102.79731750488281,0.22200000286102295,0.4099999964237213,,0.3499999940395355,0.42588818073272705,0.14180080592632294,0.2183908075094223,260.3999938964844,32.408851623535156,7.5,0.0,0.1067703366279602,0.8213271498680115,0.3140000104904175,0.0,0.0,0.0,0.0,0.0,0.0,0.0,0.0,1455.2463965702057,5961.10176923871,-0.183,0.1952981948852539,2476.310302734375,3428.47607421875,1999.9444580078125,3215.0,29.0,37.0,11919.92578125,0.23100000619888306,4.803953170776367,6.183952808380127,0.08494007587432861,71680,5,11.179967047648812,0,0,0,1,0,0,0,0
01051,0,2.74160208851099,46.94090974405408,10.225509502273052,0.8854634165763855,0.5398542881011963,0.021943820640444756,0.15000000596046448,3.9245357513427734,0.25005248188972473,10.077936172485352,70.39292907714844,0.1679999977350235,0.3880000114440918,7.900000095367432,0.3009999990463257,0.5145094990730286,0.15399456024169922,0.3333333432674408,556.5,20.887727737426758,10.0,0.0,0.11008558422327042,0.859924852848053,0.47600001096725464,0.0,0.0,0.0,0.0,0.0,0.0,0.0,0.0,2163.6245860217514,4801.036051055789,-0.134,0.11752377450466156,4465.2001953125,7463.58349609375,3582.52001953125,3726.0,43.0,34.0,9600.1787109375,0.16899999976158142,3.804628610610962,5.309149265289307,0.09208899736404419,87694,5,11.381608760968547,0,0,0,1,0,0,0,0
01053,0,2.8091136485338213,52.423915452510116,17.499944498725235,0.8226699829101562,0.3422718048095703,0.031058955937623978,0.2639999985694885,5.126769065856934,0.39397576451301575,13.896836280822754,124.04248046875,0.24400000274181366,0.4580000042915344,6.599999904632568,0.38999998569488525,0.38645699620246887,0.13007323443889618,0.30612245202064514,607.5999755859375,39.0218505859375,9.300000190734863,1.0,0.11562258005142212,0.9149454236030579,0.2800000011920929,0.0,0.0,0.0,0.0,0.0,0.0,0.0,0.0,1837.8646304678916,7103.7403809428215,-0.181,0.13506484031677246,3336.272705078125,2291.625,1182.774169921875,4624.0,28.0,31.0,14205.1240234375,0.2549999952316284,4.976445198059082,6.364747047424316,0.09375,36755,5,10.512029549808188,0,0,0,1,0,0,0,0
01055,0,2.575758971273899,41.016349954605104,13.802205002773553,0.8611840605735779,0.5403068661689758,0.03027448244392872,0.2529999911785126,4.728720664978027,0.3312194347381592,14.927977561950684,95.11613464355469,0.1940000057220459,0.3930000066757202,6.300000190734863,0.3240000009536743,0.5389806032180786,0.14060236513614655,0.16091954708099365,469.20001220703125,35.5693473815918,8.399999618530273,1.0,0.10563652962446213,0.8806588053703308,0.2849999964237213,0.0,0.0,0.0,0.0,0.0,0.0,0.0,0.0,1433.1784298469126,6751.249757926166,0.0275,0.1313878446817398,1357.394775390625,1982.4615478515625,691.8657836914062,4350.0,29.0,35.0,13500.2900390625,0.20100000500679016,4.406157493591309,6.261419296264648,0.08940357714891434,103348,5,11.545857213205203,0,0,0,1,0,0,0,0
01057,0,2.7378103375434875,31.6349580180645,14.44826681284234,0.8374168872833252,0.45562800765037537,0.027309967204928398,0.2750000059604645,5.627501487731934,0.2791036069393158,8.050532341003418,102.9512710571289,0.22699999809265137,0.37700000405311584,7.099999904632568,0.3499999940395355,0.35849517583847046,0.13634005188941956,0.27272728085517883,353.0,33.63722229003906,9.0,1.0,0.0947832465171814,0.8787684440612793,0.4309999942779541,0.0,0.0,0.0,0.0,0.0,0.0,0.0,0.0,1569.821075071171,7251.263324995339,-0.28,0.12097997218370438,1009.25,3223.60009765625,5372.66650390625,3932.0,39.0,4.0,14500.2763671875,0.2199999988079071,4.683573246002197,6.146542072296143,0.10064934939146042,16297,5,9.69873632077599,0,0,0,1,0,0,0,0
01059,0,2.2728705644607543,29.42706894814968,13.173266607187688,0.8009929060935974,0.4173167049884796,0.02348094806075096,0.24300000071525574,4.649219512939453,0.3007832169532776,7.809327602386475,93.82527923583984,0.21799999475479126,0.39100000262260437,7.199999809265137,0.3630000054836273,0.570236325263977,0.14061863720417023,0.15789473056793213,315.5,43.4782600402832,8.199999809265137,0.0,0.10939627885818481,0.8264567852020264,0.3569999933242798,0.0,0.0,0.0,0.0,0.0,0.0,0.0,0.0,2073.163614820838,6069.618804873526,-0.1285,0.1484631896018982,2462.53857421875,4561.71435546875,6386.39990234375,4590.0,31.0,37.0,12137.0390625,0.23000000417232513,4.6851959228515625,5.883151531219482,0.09719438850879669,32011,5,10.373834872713369,0,0,0,1,0,0,0,0
01061,0,2.490414744615555,40.77972288221121,13.654842627290636,0.8340006470680237,0.49789711833000183,0.023963788524270058,0.2540000081062317,4.693217754364014,0.19574905931949615,8.98842716217041,96.88308715820312,0.22200000286102295,0.41600000858306885,6.400000095367432,0.3630000054836273,0.3508383631706238,0.1345212608575821,0.2750000059604645,468.1000061035156,33.38806915283203,9.0,0.0,0.12346263229846954,0.8786110877990723,0.4000000059604645,0.0,0.0,0.0,0.0,0.0,0.0,0.0,0.0,2148.766868466586,7104.967418543994,-0.054,0.13747386634349823,3337.625,13391.5,3347.875,3206.0,37.0,37.0,14207.6572265625,0.22499999403953552,4.757153511047363,6.2342424392700195,0.08582834154367447,26647,5,10.190431852901,0,0,0,1,0,0,0,0
01063,0,2.54645753800869,90.59100015699863,12.728610899187624,0.8188658356666565,0.545301079750061,0.043795619159936905,0.4650000035762787,5.426314353942871,0.6597877144813538,7.864726543426514,89.34554290771484,0.2669999897480011,0.5199999809265137,4.0,0.4569999873638153,0.042690813541412354,0.09443847090005875,0.380952388048172,1074.800048828125,50.989803314208984,9.300000190734863,0.0,0.1320754736661911,0.7622119784355164,0.4259999990463257,0.0,0.0,0.0,0.0,0.0,0.0,0.0,0.0,2102.979992478981,7948.8761330246925,,0.11249548941850662,2543.0,,7422.0,4840.0,35.0,25.0,15895.236328125,0.3230000138282776,5.510400295257568,6.418519973754883,0.16388466954231262,7706,5,8.949754525186103,0,0,0,1,0,0,0,0
01065,0,2.606236144900322,106.90944129258395,14.491292656809092,0.8057114481925964,0.5007359385490417,0.03891964256763458,0.32499998807907104,6.53809928894043,0.4912891983985901,6.777822971343994,103.24263000488281,0.2290000021457672,0.460999995470047,6.599999904632568,0.39500001072883606,0.5071356296539307,0.1158098429441452,0.47826087474823,1294.5999755859375,32.93891906738281,9.399999618530273,0.0,0.15482695400714874,0.869354248046875,0.5139999985694885,0.0,0.0,0.0,0.0,0.0,0.0,0.0,0.0,2556.0061072058975,7901.13761819601,-0.227,0.12442882359027863,4918.0,7297.5,2919.0,5196.0,34.0,31.0,15800.0,0.2619999945163727,4.859537124633789,6.01049280166626,0.12207601964473724,14742,5,9.598455841749233,0,0,0,1,0,0,0,0
01067,0,2.5080170810222624,63.32614127501845,14.037031938042492,0.8153013586997986,0.45765677094459534,0.027080675587058067,0.22599999606609344,5.850461959838867,0.30815279483795166,13.173721313476562,97.39920806884766,0.19499999284744263,0.382999986410141,7.300000190734863,0.32600000500679016,0.1852327138185501,0.13406556844711304,0.3076923191547394,756.0999755859375,26.674570083618164,9.100000381469727,0.0,0.09687261283397675,0.8767123222351074,0.382999986410141,0.0,0.0,0.0,0.0,0.0,0.0,0.0,0.0,1547.278442074135,5592.6039759323,,0.12049192935228348,2909.833251953125,3531.0,1961.6666259765625,3304.0,42.0,36.0,11183.1494140625,0.20200000703334808,4.234773635864258,5.629842758178711,0.11303630471229553,17282,5,9.757420776401345,0,0,0,1,0,0,0,0
01069,0,2.2474478840827943,57.812436923831704,10.974282223451883,0.8761504292488098,0.5838624835014343,0.02591666765511036,0.26600000262260437,5.189075469970703,0.33135098218917847,11.07409381866455,74.85992431640625,0.19599999487400055,0.3959999978542328,7.300000190734863,0.3330000042915344,0.7582041621208191,0.13888351619243622,0.23170731961727142,681.2000122070312,32.471656799316406,8.100000381469727,0.0,0.1278119832277298,0.8579269647598267,0.2529999911785126,0.0,2.0,0.0,0.0,0.0,0.0,0.0,25.47051442910916,1162.8418250470609,5409.09022437185,0.162,0.12436317652463913,1221.1136474609375,1566.3623046875,562.9114379882812,3448.0,44.0,42.0,10816.1474609375,0.19699999690055847,4.240030765533447,5.511785507202148,0.10806138068437576,107040,5,11.580957875362055,0,0,0,1,0,0,0,0
01071,0,2.3815641179680824,24.230359981805087,13.285349524840713,0.8203474283218384,0.5118457078933716,0.02514556795358658,0.20900000631809235,4.700622081756592,0.2704797089099884,8.337596893310547,94.36650848388672,0.2160000056028366,0.37700000405311584,6.800000190734863,0.3319999873638153,0.37577739357948303,0.1400061994791031,0.2153846174478531,265.29998779296875,29.15057945251465,8.600000381469727,0.0,0.10410017520189285,0.8522199392318726,0.40299999713897705,0.0,0.0,0.0,0.0,0.0,0.0,0.0,0.0,1172.0210533998907,6630.8309484064575,-0.143,0.13829074800014496,1954.5555419921875,3111.2353515625,1823.82763671875,2484.0,46.0,39.0,13259.46484375,0.20800000429153442,4.497269630432129,6.101278781890869,0.08935844898223877,52618,5,10.870813545510108,0,0,0,1,0,0,0,0
01073,0,2.899951419234276,72.262104819417,16.39237802932039,0.91063392162323,0.694908082485199,0.025818923488259315,0.21400000154972076,5.457613945007324,0.3590291738510132,13.910934448242188,115.022216796875,0.164000004529953,0.3930000066757202,6.900000095367432,0.29499998688697815,0.797418475151062,0.14720402657985687,0.12997902929782867,873.0,21.892845153808594,10.699999809265137,0.0,0.15750569105148315,0.7972516417503357,0.3400000035762787,0.35714285714285715,2.142857142857143,28.86232846392209,28.86232846392209,28.86232846392209,28.86232846392209,28.86232846392209,38.80035413899956,959.3942506377399,6313.851295611263,0.042333333333333334,0.1034112423658371,900.0269775390625,1064.6544189453125,406.23260498046875,2957.0,45.0,44.0,12625.67578125,0.1850000023841858,3.9092960357666016,5.810469627380371,0.11464209854602814,672265,5,13.418407887009733,0,0,0,1,0,0,0,0
01075,0,2.4603107020258905,36.517075241655114,14.81662053251639,0.8206993937492371,0.4760383367538452,0.027078965678811073,0.22499999403953552,5.29279088973999,0.18208856880664825,8.766162872314453,105.72355651855469,0.21699999272823334,0.3869999945163727,7.199999809265137,0.34599998593330383,0.08839106559753418,0.13811545073986053,0.17391304671764374,409.1000061035156,38.6980094909668,8.899999618530273,0.0,0.11367673426866531,0.8653772473335266,0.39500001072883606,0.0,0.0,0.0,0.0,0.0,0.0,0.0,0.0,1686.4909467556445,5810.951015518605,,0.11918275058269501,,4568.33349609375,4568.33349609375,3265.0,43.0,38.0,11619.72265625,0.2070000022649765,4.5087103843688965,5.998327732086182,0.09141790866851807,13885,5,9.538564399740899,0,0,0,1,0,0,0,0
01077,0,2.224087396264076,39.09626594603062,11.742445782627911,0.8878787159919739,0.5553810596466064,0.026351964101195335,0.18799999356269836,4.841128349304199,0.26108238101005554,13.929798126220703,79.77379608154297,0.1850000023841858,0.3799999952316284,7.300000190734863,0.3059999942779541,0.5454127788543701,0.1533118486404419,0.14473684132099152,462.6000061035156,17.37486457824707,8.0,0.0,0.1244969516992569,0.8314400315284729,0.32899999618530273,0.0,0.0,0.0,0.0,0.0,0.0,0.0,0.0,1000.9946007058024,4728.926662632823,0.2225,0.12714549899101257,1843.9803466796875,1712.107177734375,554.2080688476562,2400.0,38.0,47.0,9455.79296875,0.17800000309944153,4.094531059265137,5.84214973449707,0.09355089068412781,94329,5,11.454543950506396,0,0,0,1,0,0,0,0
01079,0,2.374142552912235,27.82631400436163,14.283939055092633,0.8266462087631226,0.5076155066490173,0.0240890271961689,0.2240000069141388,4.433567047119141,0.19994422793388367,10.275007247924805,101.28762817382812,0.21799999475479126,0.4129999876022339,7.099999904632568,0.3319999873638153,0.564932107925415,0.14397937059402466,0.20000000298023224,305.20001220703125,33.793209075927734,8.5,0.0,0.09083665162324905,0.8973761200904846,0.5149999856948853,0.0,0.0,0.0,0.0,0.0,0.0,0.0,0.0,2482.844925220758,6669.141968530416,-0.186,0.14938350021839142,5515.0,11071.3330078125,772.4185791015625,4215.0,38.0,36.0,13336.1123046875,0.20900000631809235,4.477921962738037,6.0023579597473145,0.08444096893072128,33116,5,10.407771828258696,0,0,0,1,0,0,0,0
01081,0,2.7485817074775696,41.21066594734788,9.440762676522136,0.9171211123466492,0.7742582559585571,0.023544661700725555,0.12999999523162842,6.5522356033325195,0.25047287344932556,8.182013511657715,63.778568267822266,0.1589999943971634,0.3889999985694885,6.900000095367432,0.30000001192092896,0.6149987578392029,0.16242143511772156,0.28421053290367126,493.70001220703125,12.973555564880371,10.100000381469727,0.0,0.1778363287448883,0.8055717349052429,0.26899999380111694,0.0,0.0,0.0,0.0,0.0,0.0,0.0,0.0,1080.552522311136,3871.102354323864,0.023,0.11730115860700607,2013.8409423828125,2915.693603515625,825.447509765625,2325.0,37.0,41.0,7740.279296875,0.17399999499320984,4.0102081298828125,5.250816822052002,0.09601695835590363,175126,5,12.07326099383,0,0,0,1,0,0,0,0
01083,0,2.3789136707782745,26.118774371892215,9.310575011931359,0.8732669949531555,0.6522507667541504,0.02095789834856987,0.1379999965429306,4.444526195526123,0.17947155237197876,8.27776050567627,63.89763641357422,0.1679999977350235,0.3659999966621399,7.699999809265137,0.2930000126361847,0.49154195189476013,0.15129530429840088,0.28205129504203796,296.70001220703125,20.702367782592773,8.600000381469727,0.0,0.09931245446205139,0.8412554264068604,0.40799999237060547,0.0,0.0,0.0,0.0,0.0,0.0,0.0,0.0,1389.6342088873685,4165.27442099303,-0.124,0.11329551041126251,2905.86474609375,3360.60595703125,1760.3175048828125,2746.0,42.0,44.0,8328.60546875,0.17100000381469727,3.8626482486724854,5.507466793060303,0.08787556737661362,104199,5,11.55405781132637,0,0,0,1,0,0,0,0
01085,0,2.6215116679668427,80.31018424876034,17.6385142724216,0.8332622647285461,0.4775233268737793,0.05191101133823395,0.460999995470047,6.487738609313965,0.5337505340576172,6.021073818206787,127.57685089111328,0.2329999953508377,0.4740000069141388,5.300000190734863,0.41600000858306885,0.009116478264331818,0.10652109235525131,0.2368421107530594,963.4000244140625,33.160621643066406,9.399999618530273,0.0,0.18861210346221924,0.8569467067718506,0.6240000128746033,0.0,0.0,0.0,0.0,0.0,0.0,0.0,0.0,3021.7289798053794,9689.630546998978,,0.10844479501247406,9965.0,,9777.0,3583.0,44.0,31.0,19376.98828125,0.27799999713897705,4.82380485534668,5.969687461853027,0.14628571271896362,10153,5,9.225524507301223,0,0,0,1,0,0,0,0
01087,0,2.6418355256319046,75.72044905513525,15.308852192088962,0.8271885514259338,0.48479631543159485,0.03803103417158127,0.4650000035762787,5.5258989334106445,0.5399554371833801,6.880126953125,109.72059631347656,0.20100000500679016,0.4790000021457672,5.800000190734863,0.37599998712539673,0.3532152473926544,0.1158943921327591,0.2777777910232544,920.9000244140625,17.828460693359375,9.699999809265137,0.0,0.13768115639686584,0.7674967050552368,0.3580000102519989,0.0,0.0,0.0,0.0,0.0,0.0,0.0,0.0,1374.025682676658,6994.039646457136,,0.1171734556555748,3149.166748046875,3703.199951171875,212.8275909423828,2803.0,36.0,3.0,13985.93359375,0.24899999797344208,4.48715353012085,5.73240852355957,0.1299668848514557,19198,5,9.862561385923483,0,0,0,1,0,0,0,0
01089,0,2.0597524881362914,50.184053968936205,11.037648768574,0.9222460985183716,0.7577131986618042,0.021291866898536682,0.13899999856948853,4.978311538696289,0.25810810923576355,10.247690200805664,75.83441925048828,0.1379999965429306,0.4189999997615814,7.5,0.25099998712539673,0.7807127833366394,0.1395268589258194,0.3228699564933777,602.2000122070312,16.103748321533203,7.400000095367432,0.0,0.11307129263877869,0.8011910319328308,0.26899999380111694,0.0,2.0,0.0,0.0,0.0,0.0,0.0,71.85354691075514,964.3486583258211,4479.536067444086,0.1505,0.09329785406589508,1169.2633056640625,1859.74658203125,537.3701782226562,2629.0,49.0,42.0,8957.2890625,0.14399999380111694,3.467839241027832,5.100287914276123,0.10161739587783813,389781,5,12.873340321922521,0,0,0,1,0,0,0,0
01091,0,2.5812444508075716,55.36520661532879,15.067036538943649,0.8910517692565918,0.5817916393280029,0.03416108340024948,0.3409999907016754,6.287172317504883,0.4921838939189911,14.213519096374512,104.1743392944336,0.20800000429153442,0.47200000286102295,6.199999809265137,0.3659999966621399,0.47570252418518066,0.11711049824953079,0.21875,658.0,25.944583892822266,9.399999618530273,0.0,0.1120000034570694,0.8482227325439453,0.3919999897480011,0.0,0.0,0.0,0.0,0.0,0.0,0.0,0.0,1630.9612548898906,7469.532422441244,-0.13,0.11166995018720627,2374.5,3749.0,3124.166748046875,3688.0,39.0,31.0,14936.9716796875,0.23899999260902405,4.488450527191162,5.497213840484619,0.12058080732822418,19180,5,9.86162334843743,0,0,0,1,0,0,0,0
01093,0,2.625852143764496,23.447029877901077,11.934642313029617,0.8062064051628113,0.5743327140808105,0.024913093075156212,0.23000000417232513,4.801584720611572,0.17519909143447876,8.890104293823242,83.6402359008789,0.2199999988079071,0.3919999897480011,7.0,0.3330000042915344,0.312736451625824,0.14553485810756683,0.3333333432674408,246.1999969482422,38.134857177734375,8.600000381469727,1.0,0.11035653948783875,0.8639037013053894,0.3100000023841858,0.0,0.0,0.0,0.0,0.0,0.0,0.0,0.0,2057.4152230629325,6159.441271659732,0.052,0.1341930329799652,4178.0,4859.33349609375,3644.5,3984.0,38.0,35.0,12316.6533203125,0.20999999344348907,4.594484329223633,6.131390571594238,0.10512007027864456,29203,5,10.282026722705035,0,0,0,1,0,0,0,0
01095,0,2.7475604563951492,31.306991096287966,12.598993580508978,0.8436648845672607,0.5184410214424133,0.020521732047200203,0.21799999475479126,4.745447635650635,0.265325129032135,9.060552597045898,88.70069122314453,0.19599999487400055,0.34599998593330383,6.699999809265137,0.3400000035762787,0.5295250415802002,0.14977975189685822,0.20930232107639313,339.0,44.075984954833984,9.100000381469727,1.0,0.10437135398387909,0.8369304537773132,0.34299999475479126,0.0,0.0,0.0,0.0,0.0,0.0,0.0,0.0,1158.2536654543876,6103.867430828512,0.099,0.14603877067565918,1819.0369873046875,2761.75,355.0821533203125,2877.0,35.0,44.0,12205.537109375,0.19900000095367432,4.4145426750183105,6.215226650238037,0.07999604195356369,97923,5,11.491936734531745,0,0,0,1,0,0,0,0
01097,0,2.3100826293230057,61.7441184322536,13.127038775198162,0.8813369274139404,0.5786239504814148,0.03244207426905632,0.2720000147819519,5.22529411315918,0.3558456599712372,11.111837387084961,91.3528823852539,0.1889999955892563,0.4059999883174896,6.900000095367432,0.3490000069141388,0.585146427154541,0.15173187851905823,0.33155080676078796,734.7000122070312,28.41350555419922,8.300000190734863,0.0,0.14801180362701416,0.8439010977745056,0.367000013589859,0.0,5.142857142857143,0.0,0.0,0.0,0.0,0.0,60.48284625158831,1197.165195325315,6104.639010809362,-0.095,0.1342383325099945,1405.01025390625,1844.892333984375,805.109619140625,3376.0,38.0,38.0,12207.103515625,0.21199999749660492,4.514272212982178,5.90331506729126,0.1214713454246521,413878,5,12.933326523388665,0,0,0,1,0,0,0,0
01099,0,2.5626446664333344,56.23049072995782,14.284066271409392,0.8369446396827698,0.4493778944015503,0.04095890372991562,0.3190000057220459,5.378833770751953,0.3935052454471588,14.250814437866211,98.80465698242188,0.2329999953508377,0.44200000166893005,6.300000190734863,0.38100001215934753,0.4256524443626404,0.12513113021850586,0.19230769574642181,661.5999755859375,33.0578498840332,9.300000190734863,0.0,0.12732918560504913,0.9028939008712769,0.3160000145435333,0.0,0.0,0.0,0.0,0.0,0.0,0.0,0.0,1359.6902453998475,7642.989276905358,-0.145,0.12389907985925674,2183.111083984375,4851.0,843.6521606445312,2955.0,34.0,33.0,15283.7109375,0.25,4.683037281036377,6.1771464347839355,0.11394891887903214,19816,5,9.894244971169195,0,0,0,1,0,0,0,0
01101,0,2.4686012759804727,88.25944113105535,11.791863639429211,0.8796766996383667,0.6429278254508972,0.030760474503040314,0.2720000147819519,5.347850322723389,0.4500093460083008,14.026046752929688,79.57785034179688,0.17599999904632568,0.38199999928474426,6.699999809265137,0.3479999899864197,0.764629602432251,0.1451341062784195,0.3179190754890442,1061.4000244140625,33.388450622558594,9.0,0.0,0.16958999633789062,0.818916380405426,0.20900000631809235,0.3333333333333333,4.333333333333333,0.0,48.916408668730654,0.0,0.0,0.0,48.916408668730654,1155.7428459520638,6000.325097502768,-0.007666666666666666,0.12200148403644562,1033.7908935546875,1257.5611572265625,484.71307373046875,3612.0,47.0,34.0,11998.595703125,0.2160000056028366,4.050605773925781,5.741916179656982,0.13196872174739838,228132,5,12.337679687779627,0,0,0,1,0,0,0,0
01103,0,2.128615862131119,41.27872511252761,13.261899531837553,0.8523104786872864,0.5797361731529236,0.020914172753691673,0.1720000058412552,4.7634663581848145,0.25582975149154663,11.158909797668457,92.8240966796875,0.1889999955892563,0.4269999861717224,7.099999904632568,0.32499998807907104,0.7161828279495239,0.14454010128974915,0.20000000298023224,475.5,31.68708038330078,7.599999904632568,0.0,0.11457210779190063,0.8530073165893555,0.35100001096725464,0.0,0.0,0.0,0.0,0.0,0.0,0.0,0.0,1228.8330491153895,5953.280627992749,0.088,0.13853435218334198,1962.984130859375,1910.9384765625,608.87744140625,3209.0,4.0,43.0,11904.57421875,0.19200000166893005,4.060015678405762,5.500220775604248,0.09147486090660095,123102,5,11.72076855899426,0,0,0,1,0,0,0,0
01105,0,2.5778461366891863,65.50778929144144,13.897156748361885,0.7958223819732666,0.28590336441993713,0.052546221762895584,0.6119999885559082,3.6528522968292236,0.5853794813156128,8.378216743469238,99.00099182128906,0.26499998569488525,0.5249999761581421,3.700000047683716,0.4560000002384186,0.5515215396881104,0.1064852848649025,0.625,789.9000244140625,22.163785934448242,9.399999618530273,0.0,0.12261146306991577,0.8446196913719177,0.3440000116825104,0.0,0.0,0.0,0.0,0.0,0.0,0.0,0.0,1879.5962606319786,8922.972463563085,,0.12504252791404724,2785.0,4017.5,1607.0,4687.0,41.0,27.0,17843.478515625,0.31700000166893005,5.431351661682129,6.291980743408203,0.14586254954338074,8479,5,9.045347797304004,0,0,0,1,0,0,0,0
01107,0,2.5844795241951943,44.95756171435118,13.34234438881278,0.8494702577590942,0.47011446952819824,0.03254784643650055,0.30300000309944153,5.232108116149902,0.46261298656463623,10.63773250579834,93.27033996582031,0.2199999988079071,0.4490000009536743,7.099999904632568,0.3709999918937683,0.10197144746780396,0.12584048509597778,0.20000000298023224,521.2000122070312,32.00667953491211,9.300000190734863,0.0,0.1086675301194191,0.8822298645973206,0.6129999756813049,0.0,0.0,0.0,0.0,0.0,0.0,0.0,0.0,1729.283222109601,5868.719237658382,,0.11971461027860641,2685.857177734375,4674.25,2077.4443359375,3912.0,39.0,44.0,11735.2685546875,0.24199999868869781,4.573190689086914,5.786738872528076,0.12383679300546646,18925,5,9.84823907830565,0,0,0,1,0,0,0,0
01109,0,2.5219426572322847,73.88150669842959,10.811491390503942,0.8789898753166199,0.6058435440063477,0.027365807443857193,0.36800000071525574,6.3007893562316895,0.4493783414363861,9.396502494812012,73.63770294189453,0.19699999690055847,0.41499999165534973,6.800000190734863,0.3400000035762787,0.6129540205001831,0.13780134916305542,0.2708333432674408,900.2000122070312,14.73832893371582,9.199999809265137,0.0,0.1606837660074234,0.8435297608375549,0.210999995470047,0.0,0.0,0.0,0.0,0.0,0.0,0.0,0.0,1353.7221451742946,6577.900876115263,0.131,0.12045569717884064,2356.5,3301.39990234375,1222.74072265625,3056.0,44.0,33.0,13153.6708984375,0.21199999749660492,4.331745624542236,5.882695198059082,0.11391407251358032,32997,5,10.404171927225226,0,0,0,1,0,0,0,0
01111,0,2.6144395977258683,46.47039625391364,14.384180648587645,0.8201614022254944,0.49065515398979187,0.02455633506178856,0.2759999930858612,5.63539457321167,0.2835530638694763,9.550230026245117,101.74649810791016,0.2029999941587448,0.4009999930858612,6.400000095367432,0.3449999988079071,0.4097509980201721,0.13449998199939728,0.53125,541.2000122070312,31.2691593170166,9.5,0.0,0.12362796068191528,0.8430700302124023,0.460999995470047,0.0,0.0,0.0,0.0,0.0,0.0,0.0,0.0,2007.3557015231252,6231.447341097892,-0.42,0.12572601437568665,3664.833251953125,11239.5,3211.28564453125,2921.0,3.0,34.0,12460.767578125,0.20800000429153442,4.338426113128662,5.901946544647217,0.09357384592294693,22179,5,10.00690117422521,0,0,0,1,0,0,0,0
01113,0,2.610479921102524,58.15454974934459,17.279613112844526,0.8519113063812256,0.6387535929679871,0.026024971157312393,0.3050000071525574,5.303648471832275,0.3958745300769806,9.536459922790527,123.90162658691406,0.20200000703334808,0.43799999356269836,6.800000190734863,0.3449999988079071,0.5472010374069214,0.13901765644550323,0.15189872682094574,688.0,30.419879913330078,9.5,0.0,0.17535345256328583,0.8320461511611938,0.3400000035762787,0.5,5.0,63.04347826086956,0.0,0.0,0.0,0.0,36.95652173913044,1961.6548869115113,6719.595196059347,0.093,0.11318045854568481,5872.2001953125,3659.6875,1829.84375,3205.0,4.0,35.0,13437.0263671875,0.2290000021457672,4.538482666015625,5.83622407913208,0.10820895433425903,58849,5,10.98273012019061,0,0,0,1,0,0,0,0
01115,0,2.745813047885895,25.460042026489972,13.933821820672602,0.8728670477867126,0.5885792970657349,0.02198374830186367,0.1720000058412552,3.7911739349365234,0.20319992303848267,8.194247245788574,99.80261993408203,0.18199999630451202,0.3919999897480011,7.800000190734863,0.30300000309944153,0.4921901524066925,0.1481650322675705,0.20212766528129578,284.6000061035156,24.44178009033203,10.0,0.0,0.10224324464797974,0.8503220081329346,0.5529999732971191,0.0,0.0,0.0,0.0,0.0,0.0,0.0,0.0,1967.9293538758159,5436.360598999262,0.118,0.10604831576347351,5455.7646484375,3478.962890625,4084.0,3045.0,41.0,37.0,10870.7548828125,0.17299999296665192,3.878696918487549,5.595211505889893,0.09233375638723373,91719,5,11.426484834164913,0,0,0,1,0,0,0,0
01117,0,2.878290683031082,22.594194777160883,9.239670388102532,0.937928318977356,0.7688843011856079,0.018319062888622284,0.07800000160932541,4.017448425292969,0.16863076388835907,9.695816040039062,62.811317443847656,0.12700000405311584,0.3330000042915344,8.199999809265137,0.2370000034570694,0.7433908581733704,0.16842055320739746,0.21238937973976135,263.1000061035156,10.053972244262695,10.600000381469727,0.0,0.09584546089172363,0.7901074886322021,0.5109999775886536,0.0,0.0,0.0,0.0,0.0,0.0,0.0,0.0,1046.6037245437503,3297.1581886574627,-0.039,0.07961985468864441,1296.5828857421875,1966.794921875,849.1328125,2801.0,44.0,41.0,6592.67041015625,0.12800000607967377,3.0761799812316895,4.857196807861328,0.0842294991016388,223916,5,12.319026260507094,0,0,0,1,0,0,0,0
01119,0,2.5819877341389654,55.6389910005033,16.88468559883535,0.8880881071090698,0.5660858750343323,0.03524037450551987,0.4269999861717224,5.027220726013184,0.5900998711585999,9.8651762008667,120.59040832519531,0.23000000417232513,0.4749999940395355,6.099999904632568,0.4050000011920929,0.33252328634262085,0.11230228841304779,0.3888888955116272,665.9000244140625,21.31147575378418,9.399999618530273,0.0,0.11764705926179886,0.8222920894622803,0.4399999976158142,0.0,0.0,0.0,0.0,0.0,0.0,0.0,0.0,1809.6972015111148,8131.309560737014,-0.147,0.12026600539684296,1737.7142333984375,5926.5,5926.5,3788.0,44.0,28.0,16260.3330078125,0.2759999930858612,4.851560592651367,6.0289177894592285,0.1370449662208557,12196,5,9.408863308108145,0,0,0,1,0,0,0,0
01121,0,2.7305773347616196,52.371271544396876,15.12435644697398,0.8321255445480347,0.5170751214027405,0.03088388964533806,0.25999999046325684,5.5618205070495605,0.3633713722229004,11.775673866271973,106.38298034667969,0.21299999952316284,0.42100000381469727,6.699999809265137,0.3779999911785126,0.5463122129440308,0.13440416753292084,0.22033898532390594,619.4000244140625,26.714759826660156,10.0,0.0,0.13957151770591736,0.8388151526451111,0.3490000069141388,0.0,0.0,0.0,0.0,0.0,0.0,0.0,0.0,1737.909617048204,7277.007862327993,0.0315,0.11462053656578064,3882.09521484375,2782.896484375,2989.037109375,3432.0,36.0,33.0,14551.8505859375,0.22699999809265137,4.609008312225342,5.754563808441162,0.1175607368350029,81105,5,11.303499890484215,0,0,0,1,0,0,0,0
01123,0,2.906609684228897,44.53133928492665,13.87407803600654,0.8187907934188843,0.48780763149261475,0.028534075245261192,0.26100000739097595,5.459208011627197,0.4006444811820984,13.163347244262695,96.2008056640625,0.20499999821186066,0.41200000047683716,7.400000095367432,0.3330000042915344,0.5996707677841187,0.13506260514259338,0.2571428716182709,516.7999877929688,30.737171173095703,9.699999809265137,1.0,0.1289731115102768,0.838575541973114,0.38100001215934753,0.0,5.0,0.0,0.0,0.0,0.0,0.0,73.40425531914893,1130.4487928241492,6070.848722036183,-0.16,0.1309623122215271,2159.105224609375,3152.076904296875,2926.928466796875,1987.0,4.0,41.0,12139.5673828125,0.20999999344348907,4.4276628494262695,5.746260166168213,0.13319164514541626,41251,5,10.627430633893226,0,0,0,1,0,0,0,0
01125,0,2.447541728615761,64.41321003496647,10.129080119729043,0.9064025282859802,0.6453446745872498,0.02529197931289673,0.20399999618530273,5.498604774475098,0.31671804189682007,9.603228569030762,68.90120697021484,0.17399999499320984,0.41600000858306885,7.5,0.32199999690055847,0.6764389872550964,0.16497530043125153,0.32777777314186096,778.7999877929688,17.172719955444336,7.900000095367432,1.0,0.15492203831672668,0.8182864785194397,0.27900001406669617,0.0,2.0,0.0,0.0,0.0,0.0,0.0,29.229989868287742,1399.18367003195,5056.546118611097,-0.083,0.09907954186201096,1587.4615478515625,2233.773681640625,613.419677734375,4030.0,43.0,43.0,10110.951171875,0.1850000023841858,4.274406433105469,6.0159807205200195,0.11496978998184204,231558,5,12.352585661085335,0,0,0,1,0,0,0,0
01127,0,2.6605365008115767,32.51119809165597,17.026441897079348,0.8266602158546448,0.5511225461959839,0.027534417808055878,0.21299999952316284,5.221809387207031,0.282781183719635,13.885031700134277,120.28153228759766,0.21400000154972076,0.3799999952316284,6.800000190734863,0.34700000286102295,0.4019773006439209,0.13877689838409424,0.19811320304870605,359.5,38.45846939086914,9.699999809265137,0.0,0.11949685215950012,0.839185893535614,0.43799999356269836,0.0,0.0,0.0,0.0,0.0,0.0,0.0,0.0,1540.3753886788338,8741.799141857027,0.202,0.12416946142911911,2160.60009765625,2144.63330078125,857.8533325195312,4225.0,39.0,37.0,17481.35546875,0.20800000429153442,4.549743175506592,6.2354207038879395,0.1104554682970047,64978,5,11.081804030048279,0,0,0,1,0,0,0,0
01129,0,2.8182545781135557,38.91384520001709,14.630940960086882,0.8826666474342346,0.4857906997203827,0.036405179649591446,0.25600001215934753,8.827692985534668,0.2635219991207123,17.8253116607666,98.31006622314453,0.2280000001192093,0.4169999957084656,7.5,0.3529999852180481,0.10443202406167984,0.1313769519329071,0.29411765933036804,448.8999938964844,28.360414505004883,9.300000190734863,1.0,0.07547169923782349,0.8653009533882141,0.5509999990463257,0.0,0.0,0.0,0.0,0.0,0.0,0.0,0.0,3379.0195134457945,5604.456529545784,-0.11,0.11807331442832947,15147.0,7561.0,3024.39990234375,2280.0,36.0,23.0,11206.6962890625,0.23000000417232513,4.7814860343933105,5.845919132232666,0.11322248727083206,15434,5,9.644328147017548,0,0,0,1,0,0,0,0
01131,0,2.8152369439601896,67.37979896958917,18.444770663529635,0.7770547270774841,0.4244951605796814,0.07792721688747406,0.4560000002384186,6.074610710144043,0.6645728349685669,6.70112943649292,133.66175842285156,0.2540000081062317,0.48500001430511475,4.5,0.4429999887943268,0.01594339683651924,0.10591710358858109,0.31578946113586426,794.5999755859375,40.81632614135742,9.300000190734863,1.0,0.1262626200914383,0.8519218564033508,0.44600000977516174,0.0,0.0,0.0,0.0,0.0,0.0,0.0,0.0,3358.5093025299907,9696.151724293828,,0.11721011996269226,10446.0,10059.0,10059.0,3111.0,36.0,25.0,19389.89453125,0.2980000078678131,5.201550006866455,6.267077922821045,0.13897937536239624,10441,5,9.25349564229011,0,0,0,1,0,0,0,0
01133,0,2.6640351518988608,17.30751423045993,13.903536187522114,0.8003882765769958,0.4529423415660858,0.024437736719846725,0.25200000405311584,4.4765305519104,0.23531870543956757,8.878742218017578,99.00906372070312,0.22599999606609344,0.39100000262260437,6.900000095367432,0.34599998593330383,0.7569668889045715,0.14017826318740845,0.2142857164144516,169.10000610351562,38.502220153808594,8.800000190734863,1.0,0.10457856208086014,0.7370969653129578,0.4569999873638153,0.0,0.0,0.0,0.0,0.0,0.0,0.0,0.0,2600.431816651523,5979.440255691111,-0.209,0.137266606092453,2628.0,5938.75,4751.0,6652.0,34.0,33.0,11956.6416015625,0.21400000154972076,4.6214919090271,6.15463399887085,0.102211594581604,23655,5,10.071329788065249,0,0,0,1,0,0,0,0
02013,1,1.9479210927898967,14.30226650409036,12.976164520254118,0.8100934624671936,0.47909408807754517,0.01972062513232231,0.14300000667572021,4.540566444396973,0.26139089465141296,0.0,,0.1860000044107437,0.31299999356269836,7.400000095367432,0.2879999876022339,0.27368420362472534,0.15718334913253784,,147.10000610351562,,,0.0,0.1262626200914383,0.20499108731746674,0.0,0.0,0.0,0.0,0.0,0.0,0.0,0.0,0.0,1348.6409474992133,4913.65039220588,,0.2205982357263565,,3398.0,1132.6666259765625,,,,,0.19099999964237213,3.696286201477051,3.9927690029144287,0.10752688348293304,3407,9,8.133587417660966,0,0,0,0,0,0,0,1
02016,1,2.0177838549765728,19.966028831672002,9.695658956803381,0.8953638672828674,0.5046619772911072,0.030747126787900925,0.07900000363588333,2.532933473587036,0.10452961921691895,0.0,71.79008483886719,0.1550000011920929,0.30300000309944153,7.900000095367432,0.25099998712539673,0.8136467933654785,0.19573867321014404,,217.39999389648438,,,0.0,0.19157087802886963,0.4854966402053833,0.007000000216066837,0.0,0.0,0.0,0.0,0.0,0.0,0.0,0.0,1043.3440947774063,3597.458704593778,,0.20213976502418518,1686.3333740234375,853.6666870117188,569.111083984375,,,,7193.46533203125,0.15299999713897705,3.14532732963562,3.8152694702148438,0.07339449226856232,5219,9,8.560061091643414,0,0,0,0,0,0,0,1
02020,1,2.515196768939495,71.67139169454575,13.300345157273114,0.9417938590049744,0.7047029733657837,0.03330205753445625,0.12700000405311584,4.025026798248291,0.22417134046554565,11.765890121459961,93.02261352539062,0.14900000393390656,0.32899999618530273,8.5,0.20499999821186066,0.9218292236328125,0.1995425671339035,0.2929292917251587,870.0999755859375,16.023637771606445,8.300000190734863,1.0,0.16355052590370178,0.7184330821037292,0.1379999965429306,0.0,1.8571428571428572,0.0,0.0,0.0,0.0,0.0,35.7397504456328,632.3807322017849,4620.036575643719,0.336,0.11465243995189667,860.0626831054688,749.725830078125,137.12750244140625,1797.0,37.0,38.0,9238.4150390625,0.13500000536441803,3.4207851886749268,4.598679542541504,0.06804819405078888,290674,9,12.579957643262551,0,0,0,0,0,0,0,1
02050,1,2.2869201947751425,227.6176602780819,28.390700811371207,0.8273815512657166,0.3144393861293793,0.08817365020513535,0.27000001072883606,5.67085075378418,0.23449882864952087,2.6944010257720947,212.7148895263672,0.3540000021457672,0.4309999942779541,2.299999952316284,0.3499999940395355,0.9177113175392151,0.1884964257478714,0.5,2786.0,53.49324035644531,,1.0,0.5766666531562805,0.19708256423473358,0.004999999888241291,0.0,0.0,0.0,0.0,0.0,0.0,0.0,0.0,844.9984993213416,8532.79548111856,,0.15969842672348022,1159.8125,629.5516967773438,34.38229751586914,2547.0,6.0,2.0,17063.017578125,0.30000001192092896,5.9307661056518555,6.485705852508545,0.07522429525852203,18538,9,9.827577958435779,0,0,0,0,0,0,0,1
02060,1,2.0518657309751,33.757399570742386,12.955139403959496,0.9496855139732361,0.6962457299232483,0.04265402629971504,0.13300000131130219,3.5533552169799805,0.061349693685770035,0.0,,0.18700000643730164,0.35600000619888306,7.699999809265137,0.20399999618530273,0.058056872338056564,0.1951061189174652,1.0,,,,0.0,0.15789473056793213,0.6780821681022644,0.029999999329447746,0.0,0.0,0.0,0.0,0.0,0.0,0.0,0.0,49.43301470518112,8905.838005792566,,0.1720588207244873,-838.0,865.0,-865.0,665.0,34.0,34.0,17809.984375,0.14399999380111694,3.65640926361084,4.49050760269165,,854,9,6.74993119378857,0,0,0,0,0,0,0,1
02063,0,2.132602154951373,15.226361938002682,12.934739174527808,0.9454250335693359,0.7496436834335327,0.028638914227485657,0.07800000160932541,3.206995964050293,0.1938035637140274,0.0,,0.15399999916553497,0.3140000104904175,,0.18799999356269836,0.7975218296051025,0.20440930128097534,,158.5,,,,0.10173159837722778,0.6560801267623901,0.0689999982714653,0.0,0.0,,,,,,,953.0086153286705,4913.660025668973,0.003,0.14915019273757935,631.0,2291.333251953125,491.0,,,,,0.12800000607967377,3.462937116622925,4.4332404136657715,,7000,9,8.85366542803745,0,0,0,0,0,0,0,1
02066,0,2.160483862947503,51.23012693900166,13.075225535092635,0.9240647554397583,0.6899811029434204,0.09252668917179108,0.19599999487400055,4.938327312469482,0.33959537744522095,0.0,,0.1940000057220459,0.3490000069141388,,0.22300000488758087,0.524264395236969,0.18391890823841095,,608.4000244140625,,,,0.20187793672084808,0.6423423290252686,0.17499999701976776,0.0,0.0,,,,,,,1191.4147128398727,4913.751481346125,,0.1601918488740921,2630.0,1294.5,258.8999938964844,,,,,0.15800000727176666,3.972857713699341,4.8078765869140625,,2614,9,7.868636894184167,0,0,0,0,0,0,0,1
02068,1,2.263319246452578,33.46734438023134,13.025288699699326,0.9665471911430359,0.3586041033267975,0.0631895661354065,0.1120000034570694,5.400994777679443,0.05882352963089943,0.0,,0.16899999976158142,0.2759999930858612,4.5,0.2029999941587448,0.7201976776123047,0.1995716542005539,0.1666666716337204,,,,1.0,0.2689655125141144,0.26277896761894226,0.2529999911785126,0.0,0.0,0.0,0.0,0.0,0.0,0.0,0.0,946.1625267396075,4913.6841435595015,,0.13513512909412384,1593.0,-1585.0,,,,,,0.1420000046491623,3.5359907150268555,4.608646392822266,0.07299269735813141,2101,9,7.650168700845001,0,0,0,0,0,0,0,1
02070,1,2.0312475522796594,62.11844512760639,25.506204602867363,0.8811164498329163,0.4773083031177521,0.05585585534572601,0.2680000066757202,4.29684591293335,0.3367486298084259,0.0,192.20545959472656,0.29100000858306885,0.40700000524520874,4.599999904632568,0.2800000011920929,0.4651019275188446,0.20765627920627594,0.5,733.4000244140625,35.86322021484375,,0.0,0.4020979106426239,0.33628809452056885,0.01899999938905239,0.0,0.0,0.0,0.0,0.0,0.0,0.0,0.0,885.5408594945073,9961.821374206245,,0.17899492383003235,397.6666564941406,787.1666870117188,104.95555877685547,3113.0,22.0,1.0,19921.39453125,0.23800000548362732,4.809271812438965,6.063943862915039,0.06493506580591202,4854,9,8.487558386286548,0,0,0,0,0,0,0,1
02090,1,4.075053915381432,75.81083982944489,13.135731959454715,0.9466829895973206,0.7166145443916321,0.03677426651120186,0.08399999886751175,3.7878787517547607,0.1711365431547165,9.31030559539795,93.06300354003906,0.1599999964237213,0.33899998664855957,8.199999809265137,0.2199999988079071,0.7460247874259949,0.22030118107795715,0.3255814015865326,918.5,19.561981201171875,15.5,0.0,0.19475138187408447,0.7235181927680969,0.164000004529953,0.5,5.0,0.0,0.0,0.0,0.0,91.17647058823529,91.17647058823529,515.4991271358729,3982.0498227365315,0.072,0.12375646829605103,1165.768310546875,706.3407592773438,121.31806945800781,1161.0,35.0,34.0,7962.40283203125,0.13300000131130219,3.594066858291626,4.635147571563721,0.06092638894915581,96299,9,11.475213213516309,0,0,0,0,0,0,0,1
02100,1,2.069930553417929,33.71904722279473,11.292187614142895,0.9767605662345886,0.769444465637207,0.06616257131099701,0.16699999570846558,6.208975315093994,0.02866242080926895,0.0,81.8665542602539,0.19699999690055847,0.3230000138282776,6.800000190734863,0.22499999403953552,0.9576923251152039,0.17633816599845886,1.0,,,,0.0,0.36612021923065186,0.5271807909011841,0.09600000083446503,0.0,0.0,0.0,0.0,0.0,0.0,0.0,0.0,229.77162920750678,4559.474056691893,,0.11097178608179092,345.1666564941406,685.3333129882812,228.44444274902344,487.0,39.0,42.0,9117.05859375,0.15800000727176666,3.8727598190307617,5.249572277069092,,2079,9,7.639642287858013,0,0,0,0,0,0,0,1
02105,1,2.106518698226491,36.91379900925167,13.062826103960855,0.9401523470878601,0.5612244606018066,0.05595523491501808,0.2809999883174896,5.001821994781494,0.1967741996049881,0.0,,0.21400000154972076,0.38600000739097595,5.199999809265137,0.22699999809265137,0.378858357667923,0.18003800511360168,,428.79998779296875,25.57544708251953,,,0.17880794405937195,0.35758650302886963,0.25099998712539673,0.0,0.0,0.0,0.0,0.0,0.0,0.0,0.0,1030.6138299741722,6202.276431430348,,0.16545455157756805,,-2287.0,457.3999938964844,,,,12402.56640625,0.1770000010728836,4.178781032562256,5.409235954284668,,2329,9,7.753194269884341,0,0,0,0,0,0,0,1
02110,1,2.116327129304409,26.218259806334974,13.286478206850589,0.9544166922569275,0.7230865359306335,0.02777937427163124,0.08799999952316284,3.808885335922241,0.15751026570796967,14.387139320373535,91.87327575683594,0.14499999582767487,0.3089999854564667,8.800000190734863,0.16300000250339508,1.0,0.2102968394756317,0.625,309.6000061035156,7.8205695152282715,6.800000190734863,1.0,0.12111800909042358,0.6695173978805542,0.0820000022649765,0.0,10.0,0.0,0.0,0.0,0.0,0.0,100.0,518.9468666891008,3571.4938424251973,0.03,0.1126309409737587,779.8292846679688,905.2857055664062,98.40061950683594,1367.0,36.0,41.0,7141.3818359375,0.12200000137090683,3.127422571182251,4.670681476593018,0.05457025766372681,32108,9,10.376860499251467,0,0,0,0,0,0,0,1
02122,1,2.3230147167856776,28.848685209602117,13.62920261580497,0.9422739744186401,0.5981219410896301,0.04505463317036629,0.12700000405311584,4.846960067749023,0.198605477809906,16.229692459106445,93.20801544189453,0.17900000512599945,0.3140000104904175,7.599999904632568,0.20800000429153442,0.7772241234779358,0.2010849267244339,0.28947368264198303,336.29998779296875,15.288934707641602,,1.0,0.17516069114208221,0.6820611357688904,0.19900000095367432,0.0,3.3333333333333335,0.0,0.0,0.0,0.0,0.0,68.0,987.1146473708759,4166.812232436239,0.049,0.14340165257453918,1245.1458740234375,1348.6666259765625,273.3783874511719,,,,8331.828125,0.1469999998807907,3.9055333137512207,4.819101810455322,0.055032119154930115,59235,9,10.989267862388859,0,0,0,0,0,0,0,1
02130,1,2.3058063953931414,22.02011025995016,16.049153627455233,0.947411060333252,0.6550540924072266,0.03787209093570709,0.11699999868869781,4.433180809020996,0.20680178701877594,14.541224479675293,112.75586700439453,0.17900000512599945,0.3330000042915344,8.399999618530273,0.22300000488758087,0.8090765476226807,0.21305793523788452,0.3333333432674408,254.5,10.9104585647583,,1.0,0.1745283007621765,0.6631519198417664,0.06599999964237213,2.0,0.0,100.0,100.0,0.0,0.0,0.0,0.0,622.2379099103808,3909.459154753387,-0.07,0.14576241374015808,809.058837890625,1249.1817626953125,61.071109771728516,1720.0,4.0,37.0,7817.1982421875,0.14499999582767487,3.4122726917266846,4.88986349105835,0.07660020887851715,13910,9,9.540363284917488,0,0,0,0,0,0,0,1
02150,1,2.2961499642397247,21.97839297518134,12.351554426141083,0.9123233556747437,0.678105354309082,0.043456461280584335,0.09300000220537186,3.4688401222229004,0.130185067653656,13.29475212097168,85.4049072265625,0.16300000250339508,0.30000001192092896,7.599999904632568,0.2150000035762787,0.9922143220901489,0.19036069512367249,0.0,250.3000030517578,15.719468116760254,,1.0,0.19739952683448792,0.6089985370635986,0.03200000151991844,0.0,0.0,0.0,0.0,0.0,0.0,0.0,0.0,589.1741457055509,3626.0239285908638,0.041,0.19159136712551117,710.388916015625,1817.142822265625,244.61538696289062,1481.0,34.0,37.0,7250.4951171875,0.13699999451637268,3.2157044410705566,4.33154821395874,0.03972366079688072,13065,9,9.477692177954713,0,0,0,0,0,0,0,1
02158,1,2.266633294504412,255.07526567157274,33.95089301213622,0.8141658306121826,0.2368421107530594,0.12910380959510803,0.3330000042915344,4.781007766723633,0.2887405753135681,3.5885167121887207,255.3786163330078,0.42800000309944153,0.4880000054836273,,0.40799999237060547,0.9997609853744507,0.17542847990989685,1.0,3098.10009765625,79.03097534179688,,1.0,0.6114285588264465,0.06338615715503693,0.0,0.0,0.0,0.0,0.0,0.0,0.0,0.0,0.0,1132.6454528880677,12145.105681638419,,0.14757709205150604,,,919.7777709960938,2200.0,6.0,3.0,24287.3046875,0.375,6.83683443069458,7.173925399780273,0.07380952686071396,8372,9,9.03264808356589,0,0,0,0,0,0,0,1
02164,1,2.2659387588317474,53.12627038239763,30.88733881700784,0.9078341126441956,0.470752090215683,0.057993728667497635,0.27000001072883606,4.451316833496094,0.2862745225429535,0.0,233.5236053466797,0.25699999928474426,0.3959999978542328,3.5,0.257999986410141,0.2750677466392517,0.19956161081790924,0.0,635.5999755859375,,,1.0,0.2876712381839752,0.3726707994937897,0.02199999988079071,0.0,0.0,0.0,0.0,0.0,0.0,0.0,0.0,460.8245961825559,10341.144534835219,,0.2130552977323532,-1416.0,-1381.0,460.3333435058594,,,,20680.18359375,0.20900000631809235,4.575601577758789,5.625756740570068,0.058510638773441315,999,9,6.906754778648554,0,0,0,0,0,0,0,1
02170,1,2.126419630646706,31.098582928776743,13.335449604466557,0.9422298073768616,0.5938529372215271,0.04611349105834961,0.11299999803304672,4.2319183349609375,0.16844221949577332,8.221455574035645,94.96501159667969,0.19300000369548798,0.35199999809265137,7.800000190734863,0.21699999272823334,0.5971367359161377,0.19917899370193481,0.32608696818351746,365.8999938964844,13.524100303649902,6.599999904632568,1.0,0.19615204632282257,0.7254462242126465,0.42100000381469727,0.0,0.0,0.0,0.0,0.0,0.0,0.0,0.0,838.770536236763,4184.798042750359,0.73,0.14025163650512695,2049.74072265625,1953.8792724609375,303.0080261230469,1642.0,35.0,26.0,8367.6923828125,0.15299999713897705,4.14033842086792,5.109140396118164,0.0580173134803772,108661,9,11.595988223081756,0,0,0,0,0,0,0,1
02180,1,2.287979455273875,169.63015724688768,30.105748156234622,0.8822789192199707,0.40467357635498047,0.06863219290971756,0.24699999392032623,5.364693641662598,0.292362779378891,4.054738998413086,225.32037353515625,0.3089999854564667,0.40799999237060547,5.900000095367432,0.30000001192092896,0.4640653133392334,0.2053895741701126,0.699999988079071,2057.800048828125,53.930877685546875,,1.0,0.5153152942657471,0.2662302255630493,0.0,0.0,0.0,0.0,0.0,0.0,0.0,0.0,0.0,1548.6761093068124,9221.442585714161,0.005,0.16379666328430176,758.8461303710938,983.5,91.06481170654297,5503.0,38.0,3.0,18440.6171875,0.24799999594688416,5.099969387054443,5.840205192565918,0.07587253302335739,10018,9,9.212138753917563,0,0,0,0,0,0,0,1
02185,1,2.0132880724783027,67.93347270272672,17.152567858994008,0.9067227840423584,0.5561667680740356,0.050185248255729675,0.14900000393390656,4.6032280921936035,0.327309250831604,2.7342326641082764,126.6280746459961,0.23899999260902405,0.36500000953674316,7.800000190734863,0.24799999594688416,0.06726498156785965,0.21880413591861725,0.0,792.9000244140625,47.220855712890625,,0.0,0.44472360610961914,0.17786499857902527,0.07100000232458115,0.0,0.0,0.0,0.0,0.0,0.0,0.0,0.0,1256.9800618770728,4636.158680792153,-0.378,0.13276353478431702,2743.0,1543.5714111328125,982.272705078125,,,,9270.447265625,0.1809999942779541,3.994626045227051,5.043093681335449,0.06588003784418106,10924,9,9.298717482593595,0,0,0,0,0,0,0,1
02188,1,2.262446601670512,170.45579351123422,29.537085222750903,0.8605201244354248,0.3794599771499634,0.08970218896865845,0.24400000274181366,4.864551067352295,0.28401726484298706,6.6137566566467285,220.01048278808594,0.31299999356269836,0.40799999237060547,4.300000190734863,0.29499998688697815,0.031181830912828445,0.19937366247177124,0.0,2063.5,60.80760192871094,,1.0,0.5041782855987549,0.14970296621322632,0.0,0.0,0.0,0.0,0.0,0.0,0.0,0.0,0.0,1036.722050718517,7949.226019801199,,0.16955892741680145,1260.0,2474.333251953125,95.16666412353516,,,,15896.169921875,0.25600001215934753,5.145961761474609,5.845836162567139,0.08139535039663315,7682,9,8.94663520890585,0,0,0,0,0,0,0,1
02195,1,2.1189509841835292,2.6595002196662154,9.47866270456463,0.8695309162139893,0.6651375889778137,0.058091286569833755,0.0949999988079071,4.116668224334717,0.16171617805957794,17.878427505493164,60.90134048461914,0.17399999499320984,0.3070000112056732,8.5,0.2029999941587448,0.18922895193099976,0.20172469317913055,1.0,0.0,,,,0.12863069772720337,0.587425172328949,0.01600000075995922,0.0,0.0,0.0,0.0,0.0,0.0,0.0,0.0,887.9321868914376,3673.876170609363,0.016,0.19007951021194458,671.2000122070312,1120.0,240.0,,,,7345.99462890625,0.1420000046491623,3.5441524982452393,4.935142993927002,,3374,9,8.123854263105914,0,0,0,0,0,0,0,1
02198,1,2.138954476009885,13.647463121712208,24.16917928185314,0.9245964884757996,0.5675877332687378,0.05495729669928551,0.21799999475479126,4.61119270324707,0.22427652776241302,8.727526664733887,177.7404327392578,0.25,0.39100000262260437,6.699999809265137,0.25600001215934753,0.3196593225002289,0.17725664377212524,0.2857142984867096,139.60000610351562,22.461814880371094,,,0.19745223224163055,0.5571210980415344,0.13899999856948853,0.0,0.0,0.0,0.0,0.0,0.0,0.0,0.0,905.2404472257207,7471.651679475605,,0.19477154314517975,572.9000244140625,1883.3333740234375,117.70833587646484,,,,14941.23828125,0.1979999989271164,4.5787482261657715,5.426018714904785,0.0613107830286026,5799,9,8.66544076787644,0,0,0,0,0,0,0,1
02220,1,2.286035817750075,16.866925740682337,12.462991415001452,0.9522319436073303,0.7468982338905334,0.027599912136793137,0.09799999743700027,3.493467330932617,0.2176991105079651,11.89484977722168,86.77095031738281,0.164000004529953,0.31700000166893005,8.399999618530273,0.19300000369548798,0.9953889846801758,0.20849010348320007,0.0,178.39999389648438,,,1.0,0.1358543485403061,0.6284729838371277,0.014999999664723873,0.0,0.0,0.0,0.0,0.0,0.0,0.0,0.0,672.4902960781753,3679.87725712657,,0.14909355342388153,467.0555419921875,762.0,34.49382781982422,2204.0,41.0,48.0,7358.0302734375,0.1340000033378601,3.4793639183044434,4.919966697692871,0.043936729431152344,8462,9,9.043340831280013,0,0,0,0,0,0,0,1
02230,1,2.2195947184043905,2.6018085693531536,12.943949130905551,0.9268041253089905,0.46188339591026306,0.06711409240961075,0.09700000286102295,3.8415472507476807,0.15609756112098694,0.0,,0.17100000381469727,0.32899999618530273,8.100000381469727,0.20999999344348907,1.0,0.212721586227417,,0.0,,,1.0,0.0731707289814949,0.36245110630989075,0.00800000037997961,0.0,0.0,0.0,0.0,0.0,0.0,0.0,0.0,517.5005159677327,4913.69286969834,,0.1596638709306717,-1132.0,-1081.0,540.5,,3.0,33.0,,0.13600000739097595,3.5231401920318604,4.693477630615234,,1303,9,7.172424577124845,0,0,0,0,0,0,0,1
02240,1,2.0646887868459305,16.616130117475986,14.492100428305568,0.9373621344566345,0.5909090638160706,0.05196801945567131,0.14499999582767487,4.953591823577881,0.15660685300827026,7.173601150512695,103.9681167602539,0.1940000057220459,0.3400000035762787,7.300000190734863,0.23399999737739563,0.2711515724658966,0.1865619719028473,0.6666666865348816,172.1999969482422,26.431718826293945,,0.0,0.20568928122520447,0.646402895450592,0.12600000202655792,0.0,0.0,0.0,0.0,0.0,0.0,0.0,0.0,752.2947900904715,4938.724346990139,,0.17582418024539948,1742.5,1755.25,468.0666809082031,1497.0,24.0,18.0,9875.7568359375,0.15600000321865082,3.644946336746216,4.57126522064209,0.04353932663798332,6888,9,8.837536046107568,0,0,0,0,0,0,0,1
02275,1,2.2870892610217415,33.72890761895946,16.63632984276861,0.8710712194442749,0.5898058414459229,0.05079006776213646,0.1940000057220459,4.244471073150635,0.24152542650699615,0.0,124.05921936035156,0.21899999678134918,0.335999995470047,7.599999904632568,0.24400000274181366,0.9990597367286682,0.1757626235485077,,,,,1.0,0.09090909361839294,0.6741854548454285,0.024000000208616257,0.0,0.0,0.0,0.0,0.0,0.0,0.0,0.0,927.3228661711524,3877.905383529731,-0.438,0.2096462994813919,685.0,2070.0,36.31578826904297,,,,7753.82470703125,0.17399999499320984,4.039845943450928,5.549188137054443,,2134,9,7.665753431861699,0,0,0,0,0,0,0,1
02282,1,1.9960842981751048,33.790804849703825,12.872647472472622,0.9395465850830078,0.6515151262283325,0.05128205195069313,0.14800000190734863,2.265749454498291,0.009523809887468815,0.0,,0.2150000035762787,0.3569999933242798,8.600000381469727,0.23800000548362732,0.6329305171966553,0.18890102207660675,,,,,0.0,0.13181817531585693,0.44025155901908875,0.0,0.0,0.0,0.0,0.0,0.0,0.0,0.0,0.0,613.6623924563835,4913.788671166533,,0.2309090942144394,-704.0,-700.0,700.0,,,,,0.17499999701976776,4.0550713539123535,5.08056116104126,,564,9,6.335054251498059,0,0,0,0,0,0,0,1
02290,1,2.2926761373694027,84.37662890300155,34.74060241363943,0.8701825737953186,0.4694940447807312,0.07871349900960922,0.2590000033378601,5.575362205505371,0.3803301155567169,0.0,262.6170349121094,0.2980000078678131,0.37400001287460327,2.5,0.29499998688697815,0.19464720785617828,0.18230603635311127,0.1666666716337204,1023.7000122070312,26.11625862121582,,1.0,0.5013477206230164,0.263181209564209,0.08100000023841858,0.0,0.0,0.0,0.0,0.0,0.0,0.0,0.0,1024.414343110621,9032.314213912934,,0.21736755967140198,5275.0,2589.5,517.9000244140625,273.0,35.0,38.0,18062.328125,0.25099998712539673,5.195214748382568,5.952206611633301,0.05154639109969139,5355,9,8.585785982881848,0,0,0,0,0,0,0,1
04001,1,0.8869199156761169,65.28495212122797,30.636697037294507,0.8400994539260864,0.5423580408096313,0.07678724080324173,0.34200000762939453,7.778872966766357,0.4069407880306244,3.0477118492126465,228.4522247314453,0.27300000190734863,0.37700000405311584,3.0,0.2709999978542328,0.17524726688861847,0.14073094725608826,0.2384105920791626,784.7999877929688,26.027679443359375,2.5,0.0,0.27946987748146057,0.8036296963691711,0.453000009059906,0.0,0.0,0.0,0.0,0.0,0.0,0.0,0.0,1332.0520335480571,11985.067523595691,0.04,0.16454288363456726,2430.4814453125,1335.346923828125,872.4266967773438,3397.0,24.0,36.0,23967.685546875,0.2809999883174896,5.321522235870361,6.482781410217285,0.08109897375106812,66054,8,11.098227868298459,0,0,0,0,0,0,1,0
04003,1,1.7273461669683456,28.29394381478429,13.522543347291649,0.8891294598579407,0.6289193034172058,0.04410168156027794,0.2460000067949295,4.812892913818359,0.2780449092388153,7.933359622955322,96.04595184326172,0.16500000655651093,0.34299999475479126,6.900000095367432,0.25200000405311584,0.653375506401062,0.17580276727676392,0.24793387949466705,319.70001220703125,25.638032913208008,5.099999904632568,1.0,0.12373563647270203,0.7684953212738037,0.23899999260902405,0.0,0.0,0.0,0.0,0.0,0.0,0.0,0.0,801.1914522279799,4495.789158722759,0.05375,0.11940266191959381,1726.7122802734375,1745.3194580078125,726.375732421875,1641.0,35.0,29.0,8989.75390625,0.17000000178813934,3.981795072555542,4.809005260467529,0.08062782138586044,125504,8,11.740092909556019,0,0,0,0,0,0,1,0
04005,1,1.6474367827177048,52.61145554304123,16.59183210723102,0.91451096534729,0.7263421416282654,0.043334998190402985,0.1979999989271164,5.1496758460998535,0.26690229773521423,9.651711463928223,118.66130828857422,0.16200000047683716,0.2639999985694885,6.800000190734863,0.1850000023841858,0.8279474377632141,0.20218303799629211,0.22317597270011902,638.4000244140625,11.166205406188965,4.800000190734863,1.0,0.231663778424263,0.6745198965072632,0.16200000047683716,0.0,2.0,0.0,0.0,0.0,0.0,0.0,66.66666666666667,642.885890891999,5229.35077996403,0.0155,0.14308993518352509,1218.92431640625,1200.5,403.5294189453125,1500.0,33.0,4.0,10456.76171875,0.1550000011920929,3.6155905723571777,5.769565582275391,0.07952486723661423,144705,8,11.882452466272763,0,0,0,0,0,0,1,0
