Family,Outcome,Treatment,Moderator,N,Beta,p,CI_lower,CI_upper,q,Pass_Conservative
Direct NCO,_65_and_older_raw_value,mo1_genai_composite_score_c,MO1,3135,-0.0014991184397675794,0.06852167404495894,-0.003112140837685416,0.00011390395815025732,0.4449863133977432,False
Direct NCO,_65_and_older_raw_value,mo11_ai_automate_routine_tasks_pct_c,MO11,3133,-8.162488291856148e-06,0.8068567892839568,-7.359928754859191e-05,5.7274310964879613e-05,0.9323384059933857,True
Direct NCO,_65_and_older_raw_value,mo12_ai_optimize_workflows_pct_c,MO12,3133,-1.6029097901910434e-05,0.5633575697903448,-7.03958445034152e-05,3.833764869959433e-05,0.9323384059933857,True
Direct NCO,_65_and_older_raw_value,mo13_ai_predict_patient_demand_pct_c,MO13,3133,-4.917123483844174e-05,0.17093018697117712,-0.00011955712989493307,2.12146602180496e-05,0.6420304583795434,True
Direct NCO,_65_and_older_raw_value,mo14_ai_predict_staff_needs_pct_c,MO14,3133,-5.311936203622114e-05,0.10457524515985174,-0.00011726464076751356,1.1025916695071275e-05,0.5368195918205723,True
Direct NCO,_65_and_older_raw_value,mo15_ai_staff_scheduling_pct_c,MO15,3133,-7.579047582524978e-05,0.0170793410402269,-0.00013807429038085287,-1.3506661269646695e-05,0.2023245015534571,False
Direct NCO,_65_and_older_raw_value,mo2_robotics_composite_score_c,MO2,3135,0.0001280028605340946,0.6156058879171838,-0.000371672866119948,0.0006276785871881372,0.9323384059933857,True
Direct NCO,air_pollution_particulate_matter_raw_value,mo1_genai_composite_score_c,MO1,3107,-0.012297613325246898,0.338598535056443,-0.037485116050741146,0.01288988940024735,0.8022180676721881,True
Direct NCO,air_pollution_particulate_matter_raw_value,mo11_ai_automate_routine_tasks_pct_c,MO11,3107,-0.0003895161009766007,0.3177757970200823,-0.0011536879962618057,0.00037465579430860435,0.7893140764692366,True
Direct NCO,air_pollution_particulate_matter_raw_value,mo12_ai_optimize_workflows_pct_c,MO12,3107,-0.00021674292973219988,0.6077177664649962,-0.0010442907046057353,0.0006108048451413356,0.9323384059933857,True
Direct NCO,air_pollution_particulate_matter_raw_value,mo13_ai_predict_patient_demand_pct_c,MO13,3107,-0.0007497691891866281,0.1555934435138274,-0.001784607215472836,0.00028506883709957984,0.6279707091390803,True
Direct NCO,air_pollution_particulate_matter_raw_value,mo14_ai_predict_staff_needs_pct_c,MO14,3107,-0.00013163845052821446,0.8115275090570628,-0.001213627249730367,0.000950350348673938,0.9323384059933857,True
Direct NCO,air_pollution_particulate_matter_raw_value,mo15_ai_staff_scheduling_pct_c,MO15,3107,-8.27557912169985e-05,0.8952834058128021,-0.00131506164396451,0.001149550061530513,0.9574558645498022,True
Direct NCO,air_pollution_particulate_matter_raw_value,mo2_robotics_composite_score_c,MO2,3107,0.0035272251054808863,0.2930195587321117,-0.003047286368936088,0.01010173657989786,0.7520835340790867,True
Direct NCO,below_18_years_of_age_raw_value,mo1_genai_composite_score_c,MO1,3135,0.0010067742756575552,0.1989712685183126,-0.0005294342056379217,0.002542982756953032,0.6570079483791585,True
Direct NCO,below_18_years_of_age_raw_value,mo11_ai_automate_routine_tasks_pct_c,MO11,3133,2.4526765616529297e-06,0.933076043587938,-5.4792201579695623e-05,5.969755470300148e-05,0.9775082361397446,True
Direct NCO,below_18_years_of_age_raw_value,mo12_ai_optimize_workflows_pct_c,MO12,3133,-1.0520987512684758e-05,0.660187522056374,-5.742319595067731e-05,3.6381220925307795e-05,0.9323384059933857,True
Direct NCO,below_18_years_of_age_raw_value,mo13_ai_predict_patient_demand_pct_c,MO13,3133,5.118906094704618e-07,0.9865839854659894,-5.915334075232087e-05,6.017712197126179e-05,0.9919304046893825,True
Direct NCO,below_18_years_of_age_raw_value,mo14_ai_predict_staff_needs_pct_c,MO14,3133,3.144668550208086e-05,0.28935952928081643,-2.6724867808517074e-05,8.961823881267879e-05,0.7520835340790867,True
Direct NCO,below_18_years_of_age_raw_value,mo15_ai_staff_scheduling_pct_c,MO15,3133,3.3682246699120585e-05,0.32822346862173024,-3.3839582470084927e-05,0.0001012040758683261,0.7902289158100264,True
Direct NCO,below_18_years_of_age_raw_value,mo2_robotics_composite_score_c,MO2,3135,-0.000290226200201801,0.1771038935156265,-0.0007116694453055424,0.00013121704490194044,0.6493809428906305,True
Direct NCO,census_participation_raw_value,mo1_genai_composite_score_c,MO1,3132,0.0009564244374605044,0.6538920542330715,-0.003224478464830335,0.005137327339751344,0.9323384059933857,True
Direct NCO,census_participation_raw_value,mo11_ai_automate_routine_tasks_pct_c,MO11,3132,1.4871082115656845e-05,0.8415262235914326,-0.0001309053819661487,0.00016064754619746238,0.9323384059933857,True
Direct NCO,census_participation_raw_value,mo12_ai_optimize_workflows_pct_c,MO12,3132,5.487016468648577e-05,0.3611392252046234,-6.28958925324314e-05,0.00017263622190540295,0.8426581921441213,True
Direct NCO,census_participation_raw_value,mo13_ai_predict_patient_demand_pct_c,MO13,3132,-8.906183262495762e-05,0.29881957385894464,-0.000257072751191046,7.894908594113076e-05,0.7543969569553683,True
Direct NCO,census_participation_raw_value,mo14_ai_predict_staff_needs_pct_c,MO14,3132,4.722088104582985e-05,0.5423047345379043,-0.00010466889780378616,0.00019911065989544586,0.9323384059933857,True
Direct NCO,census_participation_raw_value,mo15_ai_staff_scheduling_pct_c,MO15,3132,-2.0747108281313057e-05,0.8112110131566201,-0.00019098447686021725,0.00014949026029759113,0.9323384059933857,True
Direct NCO,census_participation_raw_value,mo2_robotics_composite_score_c,MO2,3132,0.001737951959593599,0.015385326763131616,0.0003322272123797278,0.00314367670680747,0.1974450267935224,False
Direct NCO,drinking_water_violations_raw_value,mo1_genai_composite_score_c,MO1,3083,0.00611579819458663,0.637185237910465,-0.01929934140187239,0.031530937791045655,0.9323384059933857,True
Direct NCO,drinking_water_violations_raw_value,mo11_ai_automate_routine_tasks_pct_c,MO11,3083,0.00021045028036624673,0.5594584798001179,-0.0004962708205037426,0.0009171713812362361,0.9323384059933857,True
Direct NCO,drinking_water_violations_raw_value,mo12_ai_optimize_workflows_pct_c,MO12,3083,0.00018449002271606562,0.6296420905467931,-0.000565345732848254,0.0009343257782803852,0.9323384059933857,True
Direct NCO,drinking_water_violations_raw_value,mo13_ai_predict_patient_demand_pct_c,MO13,3083,0.00041072437524085256,0.4473835616418457,-0.0006487934917326244,0.0014702422422143296,0.8947671232836913,True
Direct NCO,drinking_water_violations_raw_value,mo14_ai_predict_staff_needs_pct_c,MO14,3083,-0.00011650163585240906,0.831797946015723,-0.0011915632648391104,0.0009585599931342921,0.9323384059933857,True
Direct NCO,drinking_water_violations_raw_value,mo15_ai_staff_scheduling_pct_c,MO15,3083,-0.0002550570320075699,0.6741748592089993,-0.001444097536934458,0.0009339834729193181,0.9323384059933857,True
Direct NCO,drinking_water_violations_raw_value,mo2_robotics_composite_score_c,MO2,3083,-0.0005832069987464716,0.867599850507414,-0.007439896907695198,0.006273482910202254,0.9409181477333927,True
Direct NCO,driving_alone_to_work_raw_value,mo1_genai_composite_score_c,MO1,3135,-0.0014082800449010512,0.3929578276878596,-0.004639333805550234,0.0018227737157481315,0.8869769298795852,True
Direct NCO,driving_alone_to_work_raw_value,mo11_ai_automate_routine_tasks_pct_c,MO11,3133,-9.983903129591899e-05,0.07526616871614472,-0.00020984387750357255,1.0165814911734564e-05,0.4449863133977432,False
Direct NCO,driving_alone_to_work_raw_value,mo12_ai_optimize_workflows_pct_c,MO12,3133,-0.00011595536423877905,0.035722908808363055,-0.00022417490667372823,-7.735821803829881e-06,0.32360752685223004,False
Direct NCO,driving_alone_to_work_raw_value,mo13_ai_predict_patient_demand_pct_c,MO13,3133,-0.00015041030682362986,0.04200406064593994,-0.000295382864439174,-5.437749208085717e-06,0.3451258513532907,False
Direct NCO,driving_alone_to_work_raw_value,mo14_ai_predict_staff_needs_pct_c,MO14,3133,-7.893591293075901e-05,0.23544159036404566,-0.00020933377228798727,5.1461946426469246e-05,0.710941272863981,True
Direct NCO,driving_alone_to_work_raw_value,mo15_ai_staff_scheduling_pct_c,MO15,3133,-7.117983639632174e-05,0.23479973454801184,-0.00018860397648779394,4.624430369515046e-05,0.710941272863981,True
Direct NCO,driving_alone_to_work_raw_value,mo2_robotics_composite_score_c,MO2,3135,-0.0009470011099731892,0.02844170199250523,-0.0017940891676223743,-9.991305232400405e-05,0.27375138167786284,False
Direct NCO,female_raw_value,mo1_genai_composite_score_c,MO1,3135,0.0003658164188732587,0.19685083214821597,-0.00018973951067292362,0.000921372348419441,0.6570079483791585,True
Direct NCO,female_raw_value,mo11_ai_automate_routine_tasks_pct_c,MO11,3133,1.5700018628370983e-05,0.13621991517035528,-4.951747613063396e-06,3.635178486980536e-05,0.5827185260065199,True
Direct NCO,female_raw_value,mo12_ai_optimize_workflows_pct_c,MO12,3133,9.642542068028864e-06,0.3865486490711718,-1.2183512060189737e-05,3.1468596196247466e-05,0.8869769298795852,True
Direct NCO,female_raw_value,mo13_ai_predict_patient_demand_pct_c,MO13,3133,6.650155349536111e-06,0.5935404688534011,-1.7771354930336833e-05,3.1071665629409055e-05,0.9323384059933857,True
Direct NCO,female_raw_value,mo14_ai_predict_staff_needs_pct_c,MO14,3133,1.7318634635102363e-05,0.07217319541154468,-1.559811399612931e-06,3.619708066981766e-05,0.4449863133977432,False
Direct NCO,female_raw_value,mo15_ai_staff_scheduling_pct_c,MO15,3133,1.0563943281930024e-05,0.44143026649817674,-1.6333276792258087e-05,3.7461163356118135e-05,0.8947671232836913,True
Direct NCO,female_raw_value,mo2_robotics_composite_score_c,MO2,3135,0.0003574064309779018,0.00018459755521028852,0.00017006652657788153,0.0005447463353779221,0.009476007834128145,False
Direct NCO,gender_pay_gap_raw_value,mo1_genai_composite_score_c,MO1,3129,-0.005532601285681191,0.0012045925787884271,-0.008881706013283076,-0.002183496558079307,0.030917876188902963,False
Direct NCO,gender_pay_gap_raw_value,mo11_ai_automate_routine_tasks_pct_c,MO11,3127,-0.0001204920042094746,0.08774664969972061,-0.00025880709377959244,1.782308536064323e-05,0.48260657334846335,False
Direct NCO,gender_pay_gap_raw_value,mo12_ai_optimize_workflows_pct_c,MO12,3127,-0.00012575676250095602,0.05150254934730595,-0.00025233341145355453,8.198864516424978e-07,0.37768536188024365,False
Direct NCO,gender_pay_gap_raw_value,mo13_ai_predict_patient_demand_pct_c,MO13,3127,-0.00012411411157873712,0.05037348687771728,-0.0002484302556868788,2.020325294045265e-07,0.37768536188024365,False
Direct NCO,gender_pay_gap_raw_value,mo14_ai_predict_staff_needs_pct_c,MO14,3127,-0.00023625094395022145,4.314734316116496e-05,-0.00034946596665315436,-0.00012303592124728854,0.003322345423409702,False
Direct NCO,gender_pay_gap_raw_value,mo15_ai_staff_scheduling_pct_c,MO15,3127,-0.00017891223274178324,0.0025803672999458126,-0.00029526595757037495,-6.25585079131915e-05,0.04415295157685057,False
Direct NCO,gender_pay_gap_raw_value,mo2_robotics_composite_score_c,MO2,3129,0.0004339113322083749,0.43448240403805594,-0.0006542554311752492,0.001522078095591999,0.8947671232836913,True
Direct NCO,hispanic_raw_value,mo1_genai_composite_score_c,MO1,3135,-0.0012823465706421427,0.7408915857340864,-0.008883069846267796,0.006318376704983511,0.9323384059933857,True
Direct NCO,hispanic_raw_value,mo11_ai_automate_routine_tasks_pct_c,MO11,3133,4.5455982221497026e-05,0.7200864316977098,-0.00020316619827717713,0.0002940781627201712,0.9323384059933857,True
Direct NCO,hispanic_raw_value,mo12_ai_optimize_workflows_pct_c,MO12,3133,2.7119545826580476e-05,0.8175570216268258,-0.0002032924442646421,0.00025753153591780305,0.9323384059933857,True
Direct NCO,hispanic_raw_value,mo13_ai_predict_patient_demand_pct_c,MO13,3133,-3.838649607295181e-05,0.7847546816638722,-0.0003138474478994692,0.00023707445575356557,0.9323384059933857,True
Direct NCO,hispanic_raw_value,mo14_ai_predict_staff_needs_pct_c,MO14,3133,-5.152866005736654e-05,0.7323908859908402,-0.0003468795773893726,0.00024382225727463956,0.9323384059933857,True
Direct NCO,hispanic_raw_value,mo15_ai_staff_scheduling_pct_c,MO15,3133,-6.572702457156083e-05,0.6789481953597967,-0.00037696878059988235,0.0002455147314567607,0.9323384059933857,True
Direct NCO,hispanic_raw_value,mo2_robotics_composite_score_c,MO2,3135,-0.001604011895237835,0.11362249728356313,-0.0035910977794167106,0.00038307398894104044,0.5602137665523048,True
Direct NCO,homeownership_raw_value,mo1_genai_composite_score_c,MO1,3134,-6.574911984080865e-05,0.9765564564529207,-0.004450978712952141,0.004319480473270524,0.9919304046893825,True
Direct NCO,homeownership_raw_value,mo11_ai_automate_routine_tasks_pct_c,MO11,3132,-8.919619580765399e-05,0.25694891285219223,-0.00024340966173564766,6.501727012033967e-05,0.7327802329488445,True
Direct NCO,homeownership_raw_value,mo12_ai_optimize_workflows_pct_c,MO12,3132,-9.178315256321023e-05,0.21231752283290628,-0.00023601748292237233,5.245117779595186e-05,0.6811853857555743,True
Direct NCO,homeownership_raw_value,mo13_ai_predict_patient_demand_pct_c,MO13,3132,-1.586505203283583e-05,0.8516878471224452,-0.00018217897317896056,0.0001504488691132889,0.9368566318346897,True
Direct NCO,homeownership_raw_value,mo14_ai_predict_staff_needs_pct_c,MO14,3132,-3.871315508208477e-05,0.6249718709369432,-0.00019393795970967012,0.00011651164954550058,0.9323384059933857,True
Direct NCO,homeownership_raw_value,mo15_ai_staff_scheduling_pct_c,MO15,3132,-9.164141517942486e-05,0.2637563749771976,-0.0002523615601851088,6.907872982625911e-05,0.7385178499361533,True
Direct NCO,homeownership_raw_value,mo2_robotics_composite_score_c,MO2,3134,-0.0011935921312075434,0.026399648011844655,-0.0022472411061503087,-0.00013994315626477782,0.2710363862549384,False
Direct NCO,juvenile_arrests_raw_value,mo1_genai_composite_score_c,MO1,1919,0.35333963467686313,0.545564149560519,-0.792440541241459,1.4991198105951853,0.9323384059933857,True
Direct NCO,juvenile_arrests_raw_value,mo11_ai_automate_routine_tasks_pct_c,MO11,1918,0.007055685840287103,0.7090913587983924,-0.030011464419117395,0.0441228360996916,0.9323384059933857,True
Direct NCO,juvenile_arrests_raw_value,mo12_ai_optimize_workflows_pct_c,MO12,1918,-0.00261347485006234,0.8765620324959538,-0.03559070285573611,0.03036375315561143,0.9439898811494887,True
Direct NCO,juvenile_arrests_raw_value,mo13_ai_predict_patient_demand_pct_c,MO13,1918,0.004437270309061537,0.8246811756987222,-0.034821341910738116,0.04369588252886118,0.9323384059933857,True
Direct NCO,juvenile_arrests_raw_value,mo14_ai_predict_staff_needs_pct_c,MO14,1918,0.007803406857415641,0.6937560088716606,-0.031038220250064297,0.04664503396489558,0.9323384059933857,True
Direct NCO,juvenile_arrests_raw_value,mo15_ai_staff_scheduling_pct_c,MO15,1918,0.013481728559598859,0.5329577207914412,-0.028898084256842697,0.055861541376040415,0.9323384059933857,True
Direct NCO,juvenile_arrests_raw_value,mo2_robotics_composite_score_c,MO2,1919,0.04151376729673996,0.7439641761303899,-0.20760878229204605,0.290636316885526,0.9323384059933857,True
Direct NCO,long_commute_driving_alone_raw_value,mo1_genai_composite_score_c,MO1,3135,0.0011053875234925958,0.7695775519027206,-0.0062907073302596725,0.008501482377244865,0.9323384059933857,True
Direct NCO,long_commute_driving_alone_raw_value,mo11_ai_automate_routine_tasks_pct_c,MO11,3133,-0.00012860856874222785,0.2845277280434183,-0.00036414150002022803,0.00010692436253577237,0.7520835340790867,True
Direct NCO,long_commute_driving_alone_raw_value,mo12_ai_optimize_workflows_pct_c,MO12,3133,-9.202377535293176e-05,0.443798691450225,-0.000327548223007905,0.00014350067230204148,0.8947671232836913,True
Direct NCO,long_commute_driving_alone_raw_value,mo13_ai_predict_patient_demand_pct_c,MO13,3133,0.0001149133724176837,0.39741174130968426,-0.00015123177406423525,0.00038105851889960263,0.8869769298795852,True
Direct NCO,long_commute_driving_alone_raw_value,mo14_ai_predict_staff_needs_pct_c,MO14,3133,0.00010160328177167869,0.4098927880158145,-0.0001400458464094533,0.0003432524099528107,0.8947671232836913,True
Direct NCO,long_commute_driving_alone_raw_value,mo15_ai_staff_scheduling_pct_c,MO15,3133,-3.979959399296158e-05,0.7637466350305592,-0.0002993305131694155,0.00021973132518349236,0.9323384059933857,True
Direct NCO,long_commute_driving_alone_raw_value,mo2_robotics_composite_score_c,MO2,3135,-0.004174406014261595,2.880650479986507e-07,-0.005768936845041122,-0.002579875183482068,4.436201739179221e-05,False
Direct NCO,math_scores_raw_value,mo1_genai_composite_score_c,MO1,2686,-0.012662228917093336,0.02527417540453887,-0.023755410639524795,-0.0015690471946618774,0.2710363862549384,False
Direct NCO,math_scores_raw_value,mo11_ai_automate_routine_tasks_pct_c,MO11,2686,-0.000647892213928741,0.0015855870352274527,-0.0010499271107308188,-0.00024585731712666324,0.03488291477500396,False
Direct NCO,math_scores_raw_value,mo12_ai_optimize_workflows_pct_c,MO12,2686,-0.00042916521363542187,0.0103199395163672,-0.0007571084401667616,-0.0001012219871040822,0.1444791532291408,False
Direct NCO,math_scores_raw_value,mo13_ai_predict_patient_demand_pct_c,MO13,2686,-0.00022190645971437249,0.3284068221548162,-0.0006669246041340643,0.00022311168470531936,0.7902289158100264,True
Direct NCO,math_scores_raw_value,mo14_ai_predict_staff_needs_pct_c,MO14,2686,-0.00030531510398372724,0.19518785553244677,-0.0007672682307773714,0.00015663802280991684,0.6570079483791585,True
Direct NCO,math_scores_raw_value,mo15_ai_staff_scheduling_pct_c,MO15,2686,-0.00029289918932608964,0.2005154128170159,-0.0007413632195616336,0.00015556484090945434,0.6570079483791585,True
Direct NCO,math_scores_raw_value,mo2_robotics_composite_score_c,MO2,2686,0.0028582153029987232,0.19815445954314148,-0.0014951261925078797,0.007211556798505326,0.6570079483791585,True
Direct NCO,non_hispanic_black_raw_value,mo1_genai_composite_score_c,MO1,3128,-0.00048756421365946296,0.8309272963251351,-0.004963220769462387,0.0039880923421434615,0.9323384059933857,True
Direct NCO,non_hispanic_black_raw_value,mo11_ai_automate_routine_tasks_pct_c,MO11,3126,1.0566120520983454e-05,0.9070190629188327,-0.0001667398027343692,0.0001878720437763361,0.9633167978586223,True
Direct NCO,non_hispanic_black_raw_value,mo12_ai_optimize_workflows_pct_c,MO12,3126,-3.6716371088858405e-05,0.6576558971837263,-0.00019910486960117524,0.00012567212742345843,0.9323384059933857,True
Direct NCO,non_hispanic_black_raw_value,mo13_ai_predict_patient_demand_pct_c,MO13,3126,0.00013779521979054928,0.07801708092038355,-1.545466260532009e-05,0.00029104510218641864,0.4449863133977432,False
Direct NCO,non_hispanic_black_raw_value,mo14_ai_predict_staff_needs_pct_c,MO14,3126,5.6702359492575153e-05,0.5175058008018427,-0.00011501496950473595,0.00022841968848988625,0.9323384059933857,True
Direct NCO,non_hispanic_black_raw_value,mo15_ai_staff_scheduling_pct_c,MO15,3126,-2.5401122498262533e-05,0.7771117702609813,-0.00020126810953562693,0.0001504658645391019,0.9323384059933857,True
Direct NCO,non_hispanic_black_raw_value,mo2_robotics_composite_score_c,MO2,3128,0.00017286857080805567,0.7971684004344932,-0.0011454133727660523,0.0014911505143821635,0.9323384059933857,True
Direct NCO,non_hispanic_white_raw_value,mo1_genai_composite_score_c,MO1,3135,0.0028009290107023094,0.4447729566013232,-0.004383080515387492,0.009984938536792111,0.8947671232836913,True
Direct NCO,non_hispanic_white_raw_value,mo11_ai_automate_routine_tasks_pct_c,MO11,3133,5.802692510958581e-06,0.9674953615778723,-0.00027329239331435695,0.0002848977783362741,0.9919304046893825,True
Direct NCO,non_hispanic_white_raw_value,mo12_ai_optimize_workflows_pct_c,MO12,3133,7.37311446623755e-05,0.5520356977366219,-0.00016926088936021477,0.0003167231786849658,0.9323384059933857,True
Direct NCO,non_hispanic_white_raw_value,mo13_ai_predict_patient_demand_pct_c,MO13,3133,-6.410829837965939e-05,0.652109862845755,-0.00034281446154213013,0.00021459786478281132,0.9323384059933857,True
Direct NCO,non_hispanic_white_raw_value,mo14_ai_predict_staff_needs_pct_c,MO14,3133,5.7806655114663237e-05,0.6898190536287685,-0.00022607904151519332,0.0003416923517445198,0.9323384059933857,True
Direct NCO,non_hispanic_white_raw_value,mo15_ai_staff_scheduling_pct_c,MO15,3133,0.00014944525361485503,0.2845119310241042,-0.0001242388754446575,0.00042312938267436757,0.7520835340790867,True
Direct NCO,non_hispanic_white_raw_value,mo2_robotics_composite_score_c,MO2,3135,0.001613475220486303,0.11640805538749192,-0.0004007236534172799,0.0036276740943898857,0.5602137665523048,True
Direct NCO,not_proficient_in_english_raw_value,mo1_genai_composite_score_c,MO1,3135,-8.452093384789055e-05,0.8650281287063607,-0.0010591108327637547,0.0008900689650679736,0.9409181477333927,True
Direct NCO,not_proficient_in_english_raw_value,mo11_ai_automate_routine_tasks_pct_c,MO11,3133,2.1557300116138677e-05,0.2761722352212508,-1.7242650559893542e-05,6.0357250792170897e-05,0.7520835340790867,True
Direct NCO,not_proficient_in_english_raw_value,mo12_ai_optimize_workflows_pct_c,MO12,3133,7.980073435861302e-06,0.6281510007366997,-2.4313249785099914e-05,4.027339665682252e-05,0.9323384059933857,True
Direct NCO,not_proficient_in_english_raw_value,mo13_ai_predict_patient_demand_pct_c,MO13,3133,4.32181758559503e-06,0.8366823202330169,-3.676990218546129e-05,4.541353735665136e-05,0.9323384059933857,True
Direct NCO,not_proficient_in_english_raw_value,mo14_ai_predict_staff_needs_pct_c,MO14,3133,1.1358521812935474e-05,0.5786204179077563,-2.8724758929522774e-05,5.144180255539372e-05,0.9323384059933857,True
Direct NCO,not_proficient_in_english_raw_value,mo15_ai_staff_scheduling_pct_c,MO15,3133,-4.959129083188001e-06,0.804333816459962,-4.419229666093273e-05,3.427403849455672e-05,0.9323384059933857,True
Direct NCO,not_proficient_in_english_raw_value,mo2_robotics_composite_score_c,MO2,3135,-0.0002603276032398519,0.04258046217995145,-0.0005119462186156043,-8.708987864099508e-06,0.3451258513532907,False
Direct NCO,reading_scores_raw_value,mo1_genai_composite_score_c,MO1,2773,-0.00715994980341543,0.10444161542120227,-0.015802750296895166,0.0014828506900643034,0.5368195918205723,True
Direct NCO,reading_scores_raw_value,mo11_ai_automate_routine_tasks_pct_c,MO11,2773,-0.0004580753802897648,0.002002657225137212,-0.0007486444196873195,-0.00016750634089221012,0.03855115158389133,False
Direct NCO,reading_scores_raw_value,mo12_ai_optimize_workflows_pct_c,MO12,2773,-0.0002502149772571835,0.07794965345962683,-0.000528430191199342,2.800023668497498e-05,0.4449863133977432,False
Direct NCO,reading_scores_raw_value,mo13_ai_predict_patient_demand_pct_c,MO13,2773,6.059317066161923e-05,0.7450343714243421,-0.000304605729307479,0.00042579207063071745,0.9323384059933857,True
Direct NCO,reading_scores_raw_value,mo14_ai_predict_staff_needs_pct_c,MO14,2773,-0.00014468369382929398,0.4679547891411623,-0.0005353844719336867,0.00024601708427509863,0.9122156649080885,True
Direct NCO,reading_scores_raw_value,mo15_ai_staff_scheduling_pct_c,MO15,2773,-0.0002197992371892484,0.2226791833555435,-0.000573076481234004,0.00013347800685550718,0.6998488619745653,True
Direct NCO,reading_scores_raw_value,mo2_robotics_composite_score_c,MO2,2773,0.0008735062453184882,0.6514778064543636,-0.002916625076442731,0.004663637567079708,0.9323384059933857,True
Direct NCO,school_funding_adequacy_raw_value,mo1_genai_composite_score_c,MO1,3051,54.05522407754975,0.684801989878911,-206.94819578714637,315.0586439422459,0.9323384059933857,True
Direct NCO,school_funding_adequacy_raw_value,mo11_ai_automate_routine_tasks_pct_c,MO11,3051,-0.10809289152202817,0.9827692942778414,-9.917628790901025,9.701443007856968,0.9919304046893825,True
Direct NCO,school_funding_adequacy_raw_value,mo12_ai_optimize_workflows_pct_c,MO12,3051,3.1286958003113625,0.49586546807432486,-5.875776131077727,12.133167731700452,0.9323384059933857,True
Direct NCO,school_funding_adequacy_raw_value,mo13_ai_predict_patient_demand_pct_c,MO13,3051,-1.821450695325686,0.7333590907102652,-12.301023596834012,8.658122206182641,0.9323384059933857,True
Direct NCO,school_funding_adequacy_raw_value,mo14_ai_predict_staff_needs_pct_c,MO14,3051,1.9630355304738991,0.63514374523802,-6.1454637103062435,10.071534771254042,0.9323384059933857,True
Direct NCO,school_funding_adequacy_raw_value,mo15_ai_staff_scheduling_pct_c,MO15,3051,1.6839906107997102,0.6798117376937596,-6.313103292448276,9.681084514047697,0.9323384059933857,True
Direct NCO,school_funding_adequacy_raw_value,mo2_robotics_composite_score_c,MO2,3051,75.78469484280222,0.004911800199645581,22.977071491549815,128.59231819405463,0.07564172307454196,False
Direct NCO,school_segregation_raw_value,mo1_genai_composite_score_c,MO1,2914,-0.0008092729300825522,0.5446720182316,-0.0034276984636322167,0.001809152603467112,0.9323384059933857,True
Direct NCO,school_segregation_raw_value,mo11_ai_automate_routine_tasks_pct_c,MO11,2912,-1.531221720509518e-05,0.7192428895431461,-9.87999192477118e-05,6.817548483752144e-05,0.9323384059933857,True
Direct NCO,school_segregation_raw_value,mo12_ai_optimize_workflows_pct_c,MO12,2912,1.1371184332175104e-05,0.8024081741621363,-7.76947174796419e-05,0.00010043708614399211,0.9323384059933857,True
Direct NCO,school_segregation_raw_value,mo13_ai_predict_patient_demand_pct_c,MO13,2912,-2.3785316687634663e-05,0.6339612837327079,-0.00012169040391867678,7.411977054340747e-05,0.9323384059933857,True
Direct NCO,school_segregation_raw_value,mo14_ai_predict_staff_needs_pct_c,MO14,2912,-5.97185344723684e-07,0.9919304046893825,-0.00011632510183722453,0.00011513073114777717,0.9919304046893825,True
Direct NCO,school_segregation_raw_value,mo15_ai_staff_scheduling_pct_c,MO15,2912,-1.7469385480228675e-05,0.7066999756173762,-0.00010846091513317875,7.35221441727214e-05,0.9323384059933857,True
Direct NCO,school_segregation_raw_value,mo2_robotics_composite_score_c,MO2,2914,-0.0010718113767043363,0.0010415313803520574,-0.0017124556734294002,-0.0004311670799792723,0.030917876188902963,False
Direct NCO,severe_housing_cost_burden_raw_value,mo1_genai_composite_score_c,MO1,3130,2.9177211928567382e-05,0.9569823071451276,-0.0010309897448594328,0.0010893441687165675,0.9919304046893825,True
Direct NCO,severe_housing_cost_burden_raw_value,mo11_ai_automate_routine_tasks_pct_c,MO11,3128,1.7801525109363206e-05,0.4356176069314227,-2.6951788234531587e-05,6.2554838453258e-05,0.8947671232836913,True
Direct NCO,severe_housing_cost_burden_raw_value,mo12_ai_optimize_workflows_pct_c,MO12,3128,1.696873437676547e-05,0.45828410506820905,-2.787313842936485e-05,6.181060718289579e-05,0.9048173356474898,True
Direct NCO,severe_housing_cost_burden_raw_value,mo13_ai_predict_patient_demand_pct_c,MO13,3128,3.2968667735251105e-05,0.1590315432235333,-1.2913417579775835e-05,7.885075305027805e-05,0.6279707091390803,True
Direct NCO,severe_housing_cost_burden_raw_value,mo14_ai_predict_staff_needs_pct_c,MO14,3128,2.2755797236063046e-06,0.9146663975392977,-3.9347064048023146e-05,4.389822349523576e-05,0.9647851042537797,True
Direct NCO,severe_housing_cost_burden_raw_value,mo15_ai_staff_scheduling_pct_c,MO15,3128,6.782572962653346e-06,0.7768852277094409,-4.012821296118884e-05,5.369335888649553e-05,0.9323384059933857,True
Direct NCO,severe_housing_cost_burden_raw_value,mo2_robotics_composite_score_c,MO2,3130,0.00034872722675666483,0.13167939207923765,-0.00010466396773262197,0.0008021184212459516,0.5793893251486457,True
Direct NCO,traffic_volume_raw_value,mo1_genai_composite_score_c,MO1,3104,0.028967569297491336,0.9810771800466921,-2.364753991498593,2.422689130093576,0.9919304046893825,True
Direct NCO,traffic_volume_raw_value,mo11_ai_automate_routine_tasks_pct_c,MO11,3102,0.0643342591605832,0.15253981612465886,-0.02380447436972756,0.15247299269089398,0.6279707091390803,True
Direct NCO,traffic_volume_raw_value,mo12_ai_optimize_workflows_pct_c,MO12,3102,0.06177991589725783,0.12266281933781216,-0.01665954151699295,0.1402193733115086,0.5613610175891516,True
Direct NCO,traffic_volume_raw_value,mo13_ai_predict_patient_demand_pct_c,MO13,3102,0.08953482639914864,0.16591885499057835,-0.03712919595167602,0.2161988487499733,0.6387875917137267,True
Direct NCO,traffic_volume_raw_value,mo14_ai_predict_staff_needs_pct_c,MO14,3102,0.09333302745992145,0.12393684803916333,-0.02557139431552534,0.21223744923536825,0.5613610175891516,True
Direct NCO,traffic_volume_raw_value,mo15_ai_staff_scheduling_pct_c,MO15,3102,0.04267504836945364,0.42625168665349733,-0.062452187661969805,0.1478022844008771,0.8947671232836913,True
Direct NCO,traffic_volume_raw_value,mo2_robotics_composite_score_c,MO2,3104,0.6497717562307818,0.07468171929365242,-0.06472506180811533,1.364268574269679,0.4449863133977432,False
Direct NCO,voter_turnout_raw_value,mo1_genai_composite_score_c,MO1,3104,0.0005736112181204053,0.8144570378619657,-0.004216983938578846,0.005364206374819657,0.9323384059933857,True
Direct NCO,voter_turnout_raw_value,mo11_ai_automate_routine_tasks_pct_c,MO11,3104,5.992941338373611e-05,0.5270087282704616,-0.0001257541567380783,0.0002456129835055505,0.9323384059933857,True
Direct NCO,voter_turnout_raw_value,mo12_ai_optimize_workflows_pct_c,MO12,3104,3.234703489105972e-05,0.7270847050365374,-0.0001493088655165599,0.00021400293529867935,0.9323384059933857,True
Direct NCO,voter_turnout_raw_value,mo13_ai_predict_patient_demand_pct_c,MO13,3104,0.00010911936577507188,0.24647987220096967,-7.541967687156736e-05,0.0002936584084217111,0.7299596215182563,True
Direct NCO,voter_turnout_raw_value,mo14_ai_predict_staff_needs_pct_c,MO14,3104,9.85265074126742e-05,0.2552450469020008,-7.120902113230167e-05,0.00026826203595765007,0.7327802329488445,True
Direct NCO,voter_turnout_raw_value,mo15_ai_staff_scheduling_pct_c,MO15,3104,4.887071409915753e-05,0.6024802078066369,-0.00013503482339224365,0.0002327762515905587,0.9323384059933857,True
Direct NCO,voter_turnout_raw_value,mo2_robotics_composite_score_c,MO2,3104,0.0025393759528914662,0.0003537517204048973,0.0011461631537833313,0.003932588751999601,0.013619441235588546,False
