Family,Outcome,Treatment,Moderator,N,Beta,p,CI_lower,CI_upper,q,Pass_Conservative,CI_width,AbsBeta_over_CIwidth,PlaceboIV,Interaction_Beta
Direct NCO,_65_and_older_raw_value,mo1_genai_composite_score_c,MO1,3135,-0.0014991184397675794,0.06852167404495894,-0.003112140837685416,0.00011390395815025732,0.4449863133977432,False,0.0032260447958356734,0.4646923817371384,,
Direct NCO,_65_and_older_raw_value,mo2_robotics_composite_score_c,MO2,3135,0.0001280028605340946,0.6156058879171838,-0.000371672866119948,0.0006276785871881372,0.9323384059933857,True,0.0009993514533080852,0.12808593024043288,,
Direct NCO,_65_and_older_raw_value,mo11_ai_automate_routine_tasks_pct_c,MO11,3133,-8.162488291856148e-06,0.8068567892839568,-7.359928754859191e-05,5.7274310964879613e-05,0.9323384059933857,True,0.00013087359851347152,0.062369250823464895,,
Direct NCO,_65_and_older_raw_value,mo12_ai_optimize_workflows_pct_c,MO12,3133,-1.6029097901910434e-05,0.5633575697903448,-7.03958445034152e-05,3.833764869959433e-05,0.9323384059933857,True,0.00010873349320300954,0.14741637953250986,,
Direct NCO,_65_and_older_raw_value,mo13_ai_predict_patient_demand_pct_c,MO13,3133,-4.917123483844174e-05,0.17093018697117712,-0.00011955712989493307,2.12146602180496e-05,0.6420304583795434,True,0.00014077179011298267,0.34929750342008986,,
Direct NCO,_65_and_older_raw_value,mo14_ai_predict_staff_needs_pct_c,MO14,3133,-5.311936203622114e-05,0.10457524515985174,-0.00011726464076751356,1.1025916695071275e-05,0.5368195918205723,True,0.00012829055746258484,0.4140551189959018,,
Direct NCO,_65_and_older_raw_value,mo15_ai_staff_scheduling_pct_c,MO15,3133,-7.579047582524978e-05,0.0170793410402269,-0.00013807429038085287,-1.3506661269646695e-05,0.2023245015534571,False,0.00012456762911120618,0.6084283402198238,,
Direct NCO,air_pollution_particulate_matter_raw_value,mo1_genai_composite_score_c,MO1,3107,-0.012297613325246898,0.338598535056443,-0.037485116050741146,0.01288988940024735,0.8022180676721881,True,0.0503750054509885,0.2441213299165129,,
Direct NCO,air_pollution_particulate_matter_raw_value,mo2_robotics_composite_score_c,MO2,3107,0.0035272251054808863,0.2930195587321117,-0.003047286368936088,0.01010173657989786,0.7520835340790867,True,0.013149022948833949,0.2682499771432584,,
Direct NCO,air_pollution_particulate_matter_raw_value,mo11_ai_automate_routine_tasks_pct_c,MO11,3107,-0.0003895161009766007,0.3177757970200823,-0.0011536879962618057,0.00037465579430860435,0.7893140764692366,True,0.00152834379057041,0.2548615719708097,,
Direct NCO,air_pollution_particulate_matter_raw_value,mo12_ai_optimize_workflows_pct_c,MO12,3107,-0.00021674292973219988,0.6077177664649962,-0.0010442907046057353,0.0006108048451413356,0.9323384059933857,True,0.0016550955497470709,0.13095493475607628,,
Direct NCO,air_pollution_particulate_matter_raw_value,mo13_ai_predict_patient_demand_pct_c,MO13,3107,-0.0007497691891866281,0.1555934435138274,-0.001784607215472836,0.00028506883709957984,0.6279707091390803,True,0.002069676052572416,0.36226403076690883,,
Direct NCO,air_pollution_particulate_matter_raw_value,mo14_ai_predict_staff_needs_pct_c,MO14,3107,-0.00013163845052821446,0.8115275090570628,-0.001213627249730367,0.000950350348673938,0.9323384059933857,True,0.002163977598404305,0.06083170667999674,,
Direct NCO,air_pollution_particulate_matter_raw_value,mo15_ai_staff_scheduling_pct_c,MO15,3107,-8.27557912169985e-05,0.8952834058128021,-0.00131506164396451,0.001149550061530513,0.9574558645498022,True,0.002464611705495023,0.03357761834551411,,
Direct NCO,below_18_years_of_age_raw_value,mo1_genai_composite_score_c,MO1,3135,0.0010067742756575552,0.1989712685183126,-0.0005294342056379217,0.002542982756953032,0.6570079483791585,True,0.0030724169625909537,0.32768152497392394,,
Direct NCO,below_18_years_of_age_raw_value,mo2_robotics_composite_score_c,MO2,3135,-0.000290226200201801,0.1771038935156265,-0.0007116694453055424,0.00013121704490194044,0.6493809428906305,True,0.0008428864902074828,0.3443241807450961,,
Direct NCO,below_18_years_of_age_raw_value,mo11_ai_automate_routine_tasks_pct_c,MO11,3133,2.4526765616529297e-06,0.933076043587938,-5.4792201579695623e-05,5.969755470300148e-05,0.9775082361397446,True,0.0001144897562826971,0.021422672571656122,,
Direct NCO,below_18_years_of_age_raw_value,mo12_ai_optimize_workflows_pct_c,MO12,3133,-1.0520987512684758e-05,0.660187522056374,-5.742319595067731e-05,3.6381220925307795e-05,0.9323384059933857,True,9.38044168759851e-05,0.11215876461973123,,
Direct NCO,below_18_years_of_age_raw_value,mo13_ai_predict_patient_demand_pct_c,MO13,3133,5.118906094704618e-07,0.9865839854659894,-5.915334075232087e-05,6.017712197126179e-05,0.9919304046893825,True,0.00011933046272358266,0.004289689303025719,,
Direct NCO,below_18_years_of_age_raw_value,mo14_ai_predict_staff_needs_pct_c,MO14,3133,3.144668550208086e-05,0.28935952928081643,-2.6724867808517074e-05,8.961823881267879e-05,0.7520835340790867,True,0.00011634310662119586,0.27029264058135244,,
Direct NCO,below_18_years_of_age_raw_value,mo15_ai_staff_scheduling_pct_c,MO15,3133,3.3682246699120585e-05,0.32822346862173024,-3.3839582470084927e-05,0.0001012040758683261,0.7902289158100264,True,0.00013504365833841102,0.24941746331186443,,
Direct NCO,census_participation_raw_value,mo1_genai_composite_score_c,MO1,3132,0.0009564244374605044,0.6538920542330715,-0.003224478464830335,0.005137327339751344,0.9323384059933857,True,0.008361805804581679,0.11438013029870311,,
Direct NCO,census_participation_raw_value,mo2_robotics_composite_score_c,MO2,3132,0.001737951959593599,0.015385326763131616,0.0003322272123797278,0.00314367670680747,0.1974450267935224,False,0.0028114494944277424,0.6181693688747381,,
Direct NCO,census_participation_raw_value,mo11_ai_automate_routine_tasks_pct_c,MO11,3132,1.4871082115656845e-05,0.8415262235914326,-0.0001309053819661487,0.00016064754619746238,0.9323384059933857,True,0.00029155292816361106,0.05100645776163024,,
Direct NCO,census_participation_raw_value,mo12_ai_optimize_workflows_pct_c,MO12,3132,5.487016468648577e-05,0.3611392252046234,-6.28958925324314e-05,0.00017263622190540295,0.8426581921441213,True,0.00023553211443783437,0.23296256146406752,,
Direct NCO,census_participation_raw_value,mo13_ai_predict_patient_demand_pct_c,MO13,3132,-8.906183262495762e-05,0.29881957385894464,-0.000257072751191046,7.894908594113076e-05,0.7543969569553683,True,0.00033602183713217677,0.265047752208808,,
Direct NCO,census_participation_raw_value,mo14_ai_predict_staff_needs_pct_c,MO14,3132,4.722088104582985e-05,0.5423047345379043,-0.00010466889780378616,0.00019911065989544586,0.9323384059933857,True,0.000303779557699232,0.15544456448442986,,
Direct NCO,census_participation_raw_value,mo15_ai_staff_scheduling_pct_c,MO15,3132,-2.0747108281313057e-05,0.8112110131566201,-0.00019098447686021725,0.00014949026029759113,0.9323384059933857,True,0.0003404747371578084,0.06093582288807781,,
Direct NCO,drinking_water_violations_raw_value,mo1_genai_composite_score_c,MO1,3083,0.00611579819458663,0.637185237910465,-0.01929934140187239,0.031530937791045655,0.9323384059933857,True,0.05083027919291805,0.12031801303658227,,
Direct NCO,drinking_water_violations_raw_value,mo2_robotics_composite_score_c,MO2,3083,-0.0005832069987464716,0.867599850507414,-0.007439896907695198,0.006273482910202254,0.9409181477333927,True,0.013713379817897452,0.042528319531070155,,
Direct NCO,drinking_water_violations_raw_value,mo11_ai_automate_routine_tasks_pct_c,MO11,3083,0.00021045028036624673,0.5594584798001179,-0.0004962708205037426,0.0009171713812362361,0.9323384059933857,True,0.0014134422017399787,0.1488920311755074,,
Direct NCO,drinking_water_violations_raw_value,mo12_ai_optimize_workflows_pct_c,MO12,3083,0.00018449002271606562,0.6296420905467931,-0.000565345732848254,0.0009343257782803852,0.9323384059933857,True,0.0014996715111286391,0.12302028900797089,,
Direct NCO,drinking_water_violations_raw_value,mo13_ai_predict_patient_demand_pct_c,MO13,3083,0.00041072437524085256,0.4473835616418457,-0.0006487934917326244,0.0014702422422143296,0.8947671232836913,True,0.002119035733946954,0.19382607318085662,,
Direct NCO,drinking_water_violations_raw_value,mo14_ai_predict_staff_needs_pct_c,MO14,3083,-0.00011650163585240906,0.831797946015723,-0.0011915632648391104,0.0009585599931342921,0.9323384059933857,True,0.0021501232579734025,0.05418370106010462,,
Direct NCO,drinking_water_violations_raw_value,mo15_ai_staff_scheduling_pct_c,MO15,3083,-0.0002550570320075699,0.6741748592089993,-0.001444097536934458,0.0009339834729193181,0.9323384059933857,True,0.002378081009853776,0.10725329833202481,,
Direct NCO,driving_alone_to_work_raw_value,mo1_genai_composite_score_c,MO1,3135,-0.0014082800449010512,0.3929578276878596,-0.004639333805550234,0.0018227737157481315,0.8869769298795852,True,0.0064621075212983655,0.21792890945554863,,
Direct NCO,driving_alone_to_work_raw_value,mo2_robotics_composite_score_c,MO2,3135,-0.0009470011099731892,0.02844170199250523,-0.0017940891676223743,-9.991305232400405e-05,0.27375138167786284,False,0.0016941761152983702,0.5589744191420193,,
Direct NCO,driving_alone_to_work_raw_value,mo11_ai_automate_routine_tasks_pct_c,MO11,3133,-9.983903129591899e-05,0.07526616871614472,-0.00020984387750357255,1.0165814911734564e-05,0.4449863133977432,False,0.00022000969241530713,0.453793786082184,,
Direct NCO,driving_alone_to_work_raw_value,mo12_ai_optimize_workflows_pct_c,MO12,3133,-0.00011595536423877905,0.035722908808363055,-0.00022417490667372823,-7.735821803829881e-06,0.32360752685223004,False,0.00021643908486989835,0.5357413348355261,,
Direct NCO,driving_alone_to_work_raw_value,mo13_ai_predict_patient_demand_pct_c,MO13,3133,-0.00015041030682362986,0.04200406064593994,-0.000295382864439174,-5.437749208085717e-06,0.3451258513532907,False,0.0002899451152310883,0.5187544087568152,,
Direct NCO,driving_alone_to_work_raw_value,mo14_ai_predict_staff_needs_pct_c,MO14,3133,-7.893591293075901e-05,0.23544159036404566,-0.00020933377228798727,5.1461946426469246e-05,0.710941272863981,True,0.0002607957187144565,0.3026733464792243,,
Direct NCO,driving_alone_to_work_raw_value,mo15_ai_staff_scheduling_pct_c,MO15,3133,-7.117983639632174e-05,0.23479973454801184,-0.00018860397648779394,4.624430369515046e-05,0.710941272863981,True,0.0002348482801829444,0.3030885997584201,,
Direct NCO,female_raw_value,mo1_genai_composite_score_c,MO1,3135,0.0003658164188732587,0.19685083214821597,-0.00018973951067292362,0.000921372348419441,0.6570079483791585,True,0.0011111118590923647,0.32923455535078494,,
Direct NCO,female_raw_value,mo2_robotics_composite_score_c,MO2,3135,0.0003574064309779018,0.00018459755521028852,0.00017006652657788153,0.0005447463353779221,0.009476007834128145,False,0.00037467980880004055,0.9538982955140846,,
Direct NCO,female_raw_value,mo11_ai_automate_routine_tasks_pct_c,MO11,3133,1.5700018628370983e-05,0.13621991517035528,-4.951747613063396e-06,3.635178486980536e-05,0.5827185260065199,True,4.130353248286876e-05,0.3801132175530699,,
Direct NCO,female_raw_value,mo12_ai_optimize_workflows_pct_c,MO12,3133,9.642542068028864e-06,0.3865486490711718,-1.2183512060189737e-05,3.1468596196247466e-05,0.8869769298795852,True,4.36521082564372e-05,0.22089522025793376,,
Direct NCO,female_raw_value,mo13_ai_predict_patient_demand_pct_c,MO13,3133,6.650155349536111e-06,0.5935404688534011,-1.7771354930336833e-05,3.1071665629409055e-05,0.9323384059933857,True,4.884302055974589e-05,0.13615364638232172,,
Direct NCO,female_raw_value,mo14_ai_predict_staff_needs_pct_c,MO14,3133,1.7318634635102363e-05,0.07217319541154468,-1.559811399612931e-06,3.619708066981766e-05,0.4449863133977432,False,3.7756892069430595e-05,0.45868803510774614,,
Direct NCO,female_raw_value,mo15_ai_staff_scheduling_pct_c,MO15,3133,1.0563943281930024e-05,0.44143026649817674,-1.6333276792258087e-05,3.7461163356118135e-05,0.8947671232836913,True,5.379444014837622e-05,0.19637611717479497,,
Direct NCO,gender_pay_gap_raw_value,mo1_genai_composite_score_c,MO1,3129,-0.005532601285681191,0.0012045925787884271,-0.008881706013283076,-0.002183496558079307,0.030917876188902963,False,0.006698209455203769,0.8259821259221704,,
Direct NCO,gender_pay_gap_raw_value,mo2_robotics_composite_score_c,MO2,3129,0.0004339113322083749,0.43448240403805594,-0.0006542554311752492,0.001522078095591999,0.8947671232836913,True,0.0021763335267672482,0.19937722176844463,,
Direct NCO,gender_pay_gap_raw_value,mo11_ai_automate_routine_tasks_pct_c,MO11,3127,-0.0001204920042094746,0.08774664969972061,-0.00025880709377959244,1.782308536064323e-05,0.48260657334846335,False,0.00027663017914023567,0.4355707124362308,,
Direct NCO,gender_pay_gap_raw_value,mo12_ai_optimize_workflows_pct_c,MO12,3127,-0.00012575676250095602,0.05150254934730595,-0.00025233341145355453,8.198864516424978e-07,0.37768536188024365,False,0.00025315329790519703,0.4967613044806174,,
Direct NCO,gender_pay_gap_raw_value,mo13_ai_predict_patient_demand_pct_c,MO13,3127,-0.00012411411157873712,0.05037348687771728,-0.0002484302556868788,2.020325294045265e-07,0.37768536188024365,False,0.00024863228821628335,0.49918742440551883,,
Direct NCO,gender_pay_gap_raw_value,mo14_ai_predict_staff_needs_pct_c,MO14,3127,-0.00023625094395022145,4.314734316116496e-05,-0.00034946596665315436,-0.00012303592124728854,0.003322345423409702,False,0.00022643004540586582,1.0433727711653817,,
Direct NCO,gender_pay_gap_raw_value,mo15_ai_staff_scheduling_pct_c,MO15,3127,-0.00017891223274178324,0.0025803672999458126,-0.00029526595757037495,-6.25585079131915e-05,0.04415295157685057,False,0.00023270744965718344,0.7688289868044643,,
Direct NCO,hispanic_raw_value,mo1_genai_composite_score_c,MO1,3135,-0.0012823465706421427,0.7408915857340864,-0.008883069846267796,0.006318376704983511,0.9323384059933857,True,0.015201446551251307,0.08435687790097754,,
Direct NCO,hispanic_raw_value,mo2_robotics_composite_score_c,MO2,3135,-0.001604011895237835,0.11362249728356313,-0.0035910977794167106,0.00038307398894104044,0.5602137665523048,True,0.003974171768357751,0.4036091011488066,,
Direct NCO,hispanic_raw_value,mo11_ai_automate_routine_tasks_pct_c,MO11,3133,4.5455982221497026e-05,0.7200864316977098,-0.00020316619827717713,0.0002940781627201712,0.9323384059933857,True,0.0004972443609973483,0.09141578223295212,,
Direct NCO,hispanic_raw_value,mo12_ai_optimize_workflows_pct_c,MO12,3133,2.7119545826580476e-05,0.8175570216268258,-0.0002032924442646421,0.00025753153591780305,0.9323384059933857,True,0.00046082398018244515,0.0588501184678878,,
Direct NCO,hispanic_raw_value,mo13_ai_predict_patient_demand_pct_c,MO13,3133,-3.838649607295181e-05,0.7847546816638722,-0.0003138474478994692,0.00023707445575356557,0.9323384059933857,True,0.0005509219036530348,0.06967683771224178,,
Direct NCO,hispanic_raw_value,mo14_ai_predict_staff_needs_pct_c,MO14,3133,-5.152866005736654e-05,0.7323908859908402,-0.0003468795773893726,0.00024382225727463956,0.9323384059933857,True,0.0005907018346640122,0.08723294398886663,,
Direct NCO,hispanic_raw_value,mo15_ai_staff_scheduling_pct_c,MO15,3133,-6.572702457156083e-05,0.6789481953597967,-0.00037696878059988235,0.0002455147314567607,0.9323384059933857,True,0.000622483512056643,0.10558837832411533,,
Direct NCO,homeownership_raw_value,mo1_genai_composite_score_c,MO1,3134,-6.574911984080865e-05,0.9765564564529207,-0.004450978712952141,0.004319480473270524,0.9919304046893825,True,0.008770459186222665,0.007496656497084279,,
Direct NCO,homeownership_raw_value,mo2_robotics_composite_score_c,MO2,3134,-0.0011935921312075434,0.026399648011844655,-0.0022472411061503087,-0.00013994315626477782,0.2710363862549384,False,0.0021072979498855306,0.5664088133680288,,
Direct NCO,homeownership_raw_value,mo11_ai_automate_routine_tasks_pct_c,MO11,3132,-8.919619580765399e-05,0.25694891285219223,-0.00024340966173564766,6.501727012033967e-05,0.7327802329488445,True,0.00030842693185598733,0.2891971698804242,,
Direct NCO,homeownership_raw_value,mo12_ai_optimize_workflows_pct_c,MO12,3132,-9.178315256321023e-05,0.21231752283290628,-0.00023601748292237233,5.245117779595186e-05,0.6811853857555743,True,0.0002884686607183242,0.3181737396868635,,
Direct NCO,homeownership_raw_value,mo13_ai_predict_patient_demand_pct_c,MO13,3132,-1.586505203283583e-05,0.8516878471224452,-0.00018217897317896056,0.0001504488691132889,0.9368566318346897,True,0.00033262784229224946,0.047696103619902834,,
Direct NCO,homeownership_raw_value,mo14_ai_predict_staff_needs_pct_c,MO14,3132,-3.871315508208477e-05,0.6249718709369432,-0.00019393795970967012,0.00011651164954550058,0.9323384059933857,True,0.0003104496092551707,0.12470028606241507,,
Direct NCO,homeownership_raw_value,mo15_ai_staff_scheduling_pct_c,MO15,3132,-9.164141517942486e-05,0.2637563749771976,-0.0002523615601851088,6.907872982625911e-05,0.7385178499361533,True,0.0003214402900113679,0.28509623101753645,,
Direct NCO,juvenile_arrests_raw_value,mo1_genai_composite_score_c,MO1,1919,0.35333963467686313,0.545564149560519,-0.792440541241459,1.4991198105951853,0.9323384059933857,True,2.2915603518366443,0.15419172110988383,,
Direct NCO,juvenile_arrests_raw_value,mo2_robotics_composite_score_c,MO2,1919,0.04151376729673996,0.7439641761303899,-0.20760878229204605,0.290636316885526,0.9323384059933857,True,0.49824509917757204,0.08331997116532533,,
Direct NCO,juvenile_arrests_raw_value,mo11_ai_automate_routine_tasks_pct_c,MO11,1918,0.007055685840287103,0.7090913587983924,-0.030011464419117395,0.0441228360996916,0.9323384059933857,True,0.074134300518809,0.09517437665034646,,
Direct NCO,juvenile_arrests_raw_value,mo12_ai_optimize_workflows_pct_c,MO12,1918,-0.00261347485006234,0.8765620324959538,-0.03559070285573611,0.03036375315561143,0.9439898811494887,True,0.06595445601134754,0.039625447742495046,,
Direct NCO,juvenile_arrests_raw_value,mo13_ai_predict_patient_demand_pct_c,MO13,1918,0.004437270309061537,0.8246811756987222,-0.034821341910738116,0.04369588252886118,0.9323384059933857,True,0.0785172244395993,0.056513336286803946,,
Direct NCO,juvenile_arrests_raw_value,mo14_ai_predict_staff_needs_pct_c,MO14,1918,0.007803406857415641,0.6937560088716606,-0.031038220250064297,0.04664503396489558,0.9323384059933857,True,0.07768325421495988,0.1004515958590326,,
Direct NCO,juvenile_arrests_raw_value,mo15_ai_staff_scheduling_pct_c,MO15,1918,0.013481728559598859,0.5329577207914412,-0.028898084256842697,0.055861541376040415,0.9323384059933857,True,0.08475962563288311,0.1590583778412599,,
Direct NCO,long_commute_driving_alone_raw_value,mo1_genai_composite_score_c,MO1,3135,0.0011053875234925958,0.7695775519027206,-0.0062907073302596725,0.008501482377244865,0.9323384059933857,True,0.014792189707504538,0.07472778171116873,,
Direct NCO,long_commute_driving_alone_raw_value,mo2_robotics_composite_score_c,MO2,3135,-0.004174406014261595,2.880650479986507e-07,-0.005768936845041122,-0.002579875183482068,4.436201739179221e-05,False,0.003189061661559054,1.3089762623846006,,
Direct NCO,long_commute_driving_alone_raw_value,mo11_ai_automate_routine_tasks_pct_c,MO11,3133,-0.00012860856874222785,0.2845277280434183,-0.00036414150002022803,0.00010692436253577237,0.7520835340790867,True,0.00047106586255600037,0.27301610871226917,,
Direct NCO,long_commute_driving_alone_raw_value,mo12_ai_optimize_workflows_pct_c,MO12,3133,-9.202377535293176e-05,0.443798691450225,-0.000327548223007905,0.00014350067230204148,0.8947671232836913,True,0.00047104889530994647,0.19535928492599655,,
Direct NCO,long_commute_driving_alone_raw_value,mo13_ai_predict_patient_demand_pct_c,MO13,3133,0.0001149133724176837,0.39741174130968426,-0.00015123177406423525,0.00038105851889960263,0.8869769298795852,True,0.0005322902929638379,0.21588477929559116,,
Direct NCO,long_commute_driving_alone_raw_value,mo14_ai_predict_staff_needs_pct_c,MO14,3133,0.00010160328177167869,0.4098927880158145,-0.0001400458464094533,0.0003432524099528107,0.8947671232836913,True,0.00048329825636226394,0.21022894337843487,,
Direct NCO,long_commute_driving_alone_raw_value,mo15_ai_staff_scheduling_pct_c,MO15,3133,-3.979959399296158e-05,0.7637466350305592,-0.0002993305131694155,0.00021973132518349236,0.9323384059933857,True,0.0005190618383529078,0.07667601632833199,,
Direct NCO,math_scores_raw_value,mo1_genai_composite_score_c,MO1,2686,-0.012662228917093336,0.02527417540453887,-0.023755410639524795,-0.0015690471946618774,0.2710363862549384,False,0.022186363444862918,0.570721242738191,,
Direct NCO,math_scores_raw_value,mo2_robotics_composite_score_c,MO2,2686,0.0028582153029987232,0.19815445954314148,-0.0014951261925078797,0.007211556798505326,0.6570079483791585,True,0.008706682991013206,0.32827832435715104,,
Direct NCO,math_scores_raw_value,mo11_ai_automate_routine_tasks_pct_c,MO11,2686,-0.000647892213928741,0.0015855870352274527,-0.0010499271107308188,-0.00024585731712666324,0.03488291477500396,False,0.0008040697936041556,0.8057661400568655,,
Direct NCO,math_scores_raw_value,mo12_ai_optimize_workflows_pct_c,MO12,2686,-0.00042916521363542187,0.0103199395163672,-0.0007571084401667616,-0.0001012219871040822,0.1444791532291408,False,0.0006558864530626794,0.6543285223096519,,
Direct NCO,math_scores_raw_value,mo13_ai_predict_patient_demand_pct_c,MO13,2686,-0.00022190645971437249,0.3284068221548162,-0.0006669246041340643,0.00022311168470531936,0.7902289158100264,True,0.0008900362888393837,0.2493229349150929,,
Direct NCO,math_scores_raw_value,mo14_ai_predict_staff_needs_pct_c,MO14,2686,-0.00030531510398372724,0.19518785553244677,-0.0007672682307773714,0.00015663802280991684,0.6570079483791585,True,0.0009239062535872883,0.33046112936054706,,
Direct NCO,math_scores_raw_value,mo15_ai_staff_scheduling_pct_c,MO15,2686,-0.00029289918932608964,0.2005154128170159,-0.0007413632195616336,0.00015556484090945434,0.6570079483791585,True,0.000896928060471088,0.3265581736535838,,
Direct NCO,non_hispanic_black_raw_value,mo1_genai_composite_score_c,MO1,3128,-0.00048756421365946296,0.8309272963251351,-0.004963220769462387,0.0039880923421434615,0.9323384059933857,True,0.008951313111605848,0.05446845703870087,,
Direct NCO,non_hispanic_black_raw_value,mo2_robotics_composite_score_c,MO2,3128,0.00017286857080805567,0.7971684004344932,-0.0011454133727660523,0.0014911505143821635,0.9323384059933857,True,0.0026365638871482158,0.06556585700452544,,
Direct NCO,non_hispanic_black_raw_value,mo11_ai_automate_routine_tasks_pct_c,MO11,3126,1.0566120520983454e-05,0.9070190629188327,-0.0001667398027343692,0.0001878720437763361,0.9633167978586223,True,0.0003546118465107053,0.02979629875581293,,
Direct NCO,non_hispanic_black_raw_value,mo12_ai_optimize_workflows_pct_c,MO12,3126,-3.6716371088858405e-05,0.6576558971837263,-0.00019910486960117524,0.00012567212742345843,0.9323384059933857,True,0.0003247769970246337,0.11305102093198288,,
Direct NCO,non_hispanic_black_raw_value,mo13_ai_predict_patient_demand_pct_c,MO13,3126,0.00013779521979054928,0.07801708092038355,-1.545466260532009e-05,0.00029104510218641864,0.4449863133977432,False,0.00030649976479173874,0.4495769185473233,,
Direct NCO,non_hispanic_black_raw_value,mo14_ai_predict_staff_needs_pct_c,MO14,3126,5.6702359492575153e-05,0.5175058008018427,-0.00011501496950473595,0.00022841968848988625,0.9323384059933857,True,0.0003434346579946222,0.16510377788797032,,
Direct NCO,non_hispanic_black_raw_value,mo15_ai_staff_scheduling_pct_c,MO15,3126,-2.5401122498262533e-05,0.7771117702609813,-0.00020126810953562693,0.0001504658645391019,0.9323384059933857,True,0.0003517339740747288,0.07221685811011777,,
Direct NCO,non_hispanic_white_raw_value,mo1_genai_composite_score_c,MO1,3135,0.0028009290107023094,0.4447729566013232,-0.004383080515387492,0.009984938536792111,0.8947671232836913,True,0.014368019052179604,0.19494190538934547,,
Direct NCO,non_hispanic_white_raw_value,mo2_robotics_composite_score_c,MO2,3135,0.001613475220486303,0.11640805538749192,-0.0004007236534172799,0.0036276740943898857,0.5602137665523048,True,0.0040283977478071656,0.40052530099953226,,
Direct NCO,non_hispanic_white_raw_value,mo11_ai_automate_routine_tasks_pct_c,MO11,3133,5.802692510958581e-06,0.9674953615778723,-0.00027329239331435695,0.0002848977783362741,0.9919304046893825,True,0.0005581901716506311,0.01039554762098259,,
Direct NCO,non_hispanic_white_raw_value,mo12_ai_optimize_workflows_pct_c,MO12,3133,7.37311446623755e-05,0.5520356977366219,-0.00016926088936021477,0.0003167231786849658,0.9323384059933857,True,0.00048598406804518056,0.1517151476980536,,
Direct NCO,non_hispanic_white_raw_value,mo13_ai_predict_patient_demand_pct_c,MO13,3133,-6.410829837965939e-05,0.652109862845755,-0.00034281446154213013,0.00021459786478281132,0.9323384059933857,True,0.0005574123263249414,0.11501055027313425,,
Direct NCO,non_hispanic_white_raw_value,mo14_ai_predict_staff_needs_pct_c,MO14,3133,5.7806655114663237e-05,0.6898190536287685,-0.00022607904151519332,0.0003416923517445198,0.9323384059933857,True,0.0005677713932597131,0.10181325759084343,,
Direct NCO,non_hispanic_white_raw_value,mo15_ai_staff_scheduling_pct_c,MO15,3133,0.00014944525361485503,0.2845119310241042,-0.0001242388754446575,0.00042312938267436757,0.7520835340790867,True,0.0005473682581190251,0.27302506383619746,,
Direct NCO,not_proficient_in_english_raw_value,mo1_genai_composite_score_c,MO1,3135,-8.452093384789055e-05,0.8650281287063607,-0.0010591108327637547,0.0008900689650679736,0.9409181477333927,True,0.0019491797978317283,0.04336230754182442,,
Direct NCO,not_proficient_in_english_raw_value,mo2_robotics_composite_score_c,MO2,3135,-0.0002603276032398519,0.04258046217995145,-0.0005119462186156043,-8.708987864099508e-06,0.3451258513532907,False,0.0005032372307515048,0.517305929156104,,
Direct NCO,not_proficient_in_english_raw_value,mo11_ai_automate_routine_tasks_pct_c,MO11,3133,2.1557300116138677e-05,0.2761722352212508,-1.7242650559893542e-05,6.0357250792170897e-05,0.7520835340790867,True,7.759990135206444e-05,0.2778006123788091,,
Direct NCO,not_proficient_in_english_raw_value,mo12_ai_optimize_workflows_pct_c,MO12,3133,7.980073435861302e-06,0.6281510007366997,-2.4313249785099914e-05,4.027339665682252e-05,0.9323384059933857,True,6.458664644192243e-05,0.12355608899801199,,
Direct NCO,not_proficient_in_english_raw_value,mo13_ai_predict_patient_demand_pct_c,MO13,3133,4.32181758559503e-06,0.8366823202330169,-3.676990218546129e-05,4.541353735665136e-05,0.9323384059933857,True,8.218343954211265e-05,0.05258745082554537,,
Direct NCO,not_proficient_in_english_raw_value,mo14_ai_predict_staff_needs_pct_c,MO14,3133,1.1358521812935474e-05,0.5786204179077563,-2.8724758929522774e-05,5.144180255539372e-05,0.9323384059933857,True,8.01665614849165e-05,0.1416865286790753,,
Direct NCO,not_proficient_in_english_raw_value,mo15_ai_staff_scheduling_pct_c,MO15,3133,-4.959129083188001e-06,0.804333816459962,-4.419229666093273e-05,3.427403849455672e-05,0.9323384059933857,True,7.846633515548945e-05,0.06320072262022886,,
Direct NCO,reading_scores_raw_value,mo1_genai_composite_score_c,MO1,2773,-0.00715994980341543,0.10444161542120227,-0.015802750296895166,0.0014828506900643034,0.5368195918205723,True,0.01728560098695947,0.4142146870575694,,
Direct NCO,reading_scores_raw_value,mo2_robotics_composite_score_c,MO2,2773,0.0008735062453184882,0.6514778064543636,-0.002916625076442731,0.004663637567079708,0.9323384059933857,True,0.007580262643522439,0.11523429812355188,,
Direct NCO,reading_scores_raw_value,mo11_ai_automate_routine_tasks_pct_c,MO11,2773,-0.0004580753802897648,0.002002657225137212,-0.0007486444196873195,-0.00016750634089221012,0.03855115158389133,False,0.0005811380787951095,0.7882384531392365,,
Direct NCO,reading_scores_raw_value,mo12_ai_optimize_workflows_pct_c,MO12,2773,-0.0002502149772571835,0.07794965345962683,-0.000528430191199342,2.800023668497498e-05,0.4449863133977432,False,0.0005564304278843171,0.44967881826405737,,
Direct NCO,reading_scores_raw_value,mo13_ai_predict_patient_demand_pct_c,MO13,2773,6.059317066161923e-05,0.7450343714243421,-0.000304605729307479,0.00042579207063071745,0.9323384059933857,True,0.0007303977999381964,0.08295913633193637,,
Direct NCO,reading_scores_raw_value,mo14_ai_predict_staff_needs_pct_c,MO14,2773,-0.00014468369382929398,0.4679547891411623,-0.0005353844719336867,0.00024601708427509863,0.9122156649080885,True,0.0007814015562087853,0.18515920870604902,,
Direct NCO,reading_scores_raw_value,mo15_ai_staff_scheduling_pct_c,MO15,2773,-0.0002197992371892484,0.2226791833555435,-0.000573076481234004,0.00013347800685550718,0.6998488619745653,True,0.0007065544880895112,0.31108603921485917,,
Direct NCO,school_funding_adequacy_raw_value,mo1_genai_composite_score_c,MO1,3051,54.05522407754975,0.684801989878911,-206.94819578714637,315.0586439422459,0.9323384059933857,True,522.0068397293923,0.10355271227015324,,
Direct NCO,school_funding_adequacy_raw_value,mo2_robotics_composite_score_c,MO2,3051,75.78469484280222,0.004911800199645581,22.977071491549815,128.59231819405463,0.07564172307454196,False,105.6152467025048,0.7175544933987726,,
Direct NCO,school_funding_adequacy_raw_value,mo11_ai_automate_routine_tasks_pct_c,MO11,3051,-0.10809289152202817,0.9827692942778414,-9.917628790901025,9.701443007856968,0.9919304046893825,True,19.619071798757993,0.005509582340631992,,
Direct NCO,school_funding_adequacy_raw_value,mo12_ai_optimize_workflows_pct_c,MO12,3051,3.1286958003113625,0.49586546807432486,-5.875776131077727,12.133167731700452,0.9323384059933857,True,18.008943862778178,0.17373011011367046,,
Direct NCO,school_funding_adequacy_raw_value,mo13_ai_predict_patient_demand_pct_c,MO13,3051,-1.821450695325686,0.7333590907102652,-12.301023596834012,8.658122206182641,0.9323384059933857,True,20.959145803016654,0.0869048153223651,,
Direct NCO,school_funding_adequacy_raw_value,mo14_ai_predict_staff_needs_pct_c,MO14,3051,1.9630355304738991,0.63514374523802,-6.1454637103062435,10.071534771254042,0.9323384059933857,True,16.216998481560285,0.12104801839292209,,
Direct NCO,school_funding_adequacy_raw_value,mo15_ai_staff_scheduling_pct_c,MO15,3051,1.6839906107997102,0.6798117376937596,-6.313103292448276,9.681084514047697,0.9323384059933857,True,15.994187806495972,0.10528766019089537,,
Direct NCO,school_segregation_raw_value,mo1_genai_composite_score_c,MO1,2914,-0.0008092729300825522,0.5446720182316,-0.0034276984636322167,0.001809152603467112,0.9323384059933857,True,0.0052368510670993285,0.15453426490717548,,
Direct NCO,school_segregation_raw_value,mo2_robotics_composite_score_c,MO2,2914,-0.0010718113767043363,0.0010415313803520574,-0.0017124556734294002,-0.0004311670799792723,0.030917876188902963,False,0.0012812885934501278,0.8365105115142469,,
Direct NCO,school_segregation_raw_value,mo11_ai_automate_routine_tasks_pct_c,MO11,2912,-1.531221720509518e-05,0.7192428895431461,-9.87999192477118e-05,6.817548483752144e-05,0.9323384059933857,True,0.00016697540408523324,0.09170342954989347,,
Direct NCO,school_segregation_raw_value,mo12_ai_optimize_workflows_pct_c,MO12,2912,1.1371184332175104e-05,0.8024081741621363,-7.76947174796419e-05,0.00010043708614399211,0.9323384059933857,True,0.00017813180362363402,0.06383578957186513,,
Direct NCO,school_segregation_raw_value,mo13_ai_predict_patient_demand_pct_c,MO13,2912,-2.3785316687634663e-05,0.6339612837327079,-0.00012169040391867678,7.411977054340747e-05,0.9323384059933857,True,0.00019581017446208425,0.12147130123843661,,
Direct NCO,school_segregation_raw_value,mo14_ai_predict_staff_needs_pct_c,MO14,2912,-5.97185344723684e-07,0.9919304046893825,-0.00011632510183722453,0.00011513073114777717,0.9919304046893825,True,0.0002314558329850017,0.0025801265711129493,,
Direct NCO,school_segregation_raw_value,mo15_ai_staff_scheduling_pct_c,MO15,2912,-1.7469385480228675e-05,0.7066999756173762,-0.00010846091513317875,7.35221441727214e-05,0.9323384059933857,True,0.00018198305930590015,0.09599456975203347,,
Direct NCO,severe_housing_cost_burden_raw_value,mo1_genai_composite_score_c,MO1,3130,2.9177211928567382e-05,0.9569823071451276,-0.0010309897448594328,0.0010893441687165675,0.9919304046893825,True,0.0021203339135760003,0.013760668421965307,,
Direct NCO,severe_housing_cost_burden_raw_value,mo2_robotics_composite_score_c,MO2,3130,0.00034872722675666483,0.13167939207923765,-0.00010466396773262197,0.0008021184212459516,0.5793893251486457,True,0.0009067823889785736,0.38457653235798,,
Direct NCO,severe_housing_cost_burden_raw_value,mo11_ai_automate_routine_tasks_pct_c,MO11,3128,1.7801525109363206e-05,0.4356176069314227,-2.6951788234531587e-05,6.2554838453258e-05,0.8947671232836913,True,8.95066266877896e-05,0.19888499620767935,,
Direct NCO,severe_housing_cost_burden_raw_value,mo12_ai_optimize_workflows_pct_c,MO12,3128,1.696873437676547e-05,0.45828410506820905,-2.787313842936485e-05,6.181060718289579e-05,0.9048173356474898,True,8.968374561226064e-05,0.18920635239888642,,
Direct NCO,severe_housing_cost_burden_raw_value,mo13_ai_predict_patient_demand_pct_c,MO13,3128,3.2968667735251105e-05,0.1590315432235333,-1.2913417579775835e-05,7.885075305027805e-05,0.6279707091390803,True,9.176417063005388e-05,0.3592760388819279,,
Direct NCO,severe_housing_cost_burden_raw_value,mo14_ai_predict_staff_needs_pct_c,MO14,3128,2.2755797236063046e-06,0.9146663975392977,-3.9347064048023146e-05,4.389822349523576e-05,0.9647851042537797,True,8.32452875432589e-05,0.02733583834909317,,
Direct NCO,severe_housing_cost_burden_raw_value,mo15_ai_staff_scheduling_pct_c,MO15,3128,6.782572962653346e-06,0.7768852277094409,-4.012821296118884e-05,5.369335888649553e-05,0.9323384059933857,True,9.382157184768437e-05,0.07229225463909927,,
Direct NCO,traffic_volume_raw_value,mo1_genai_composite_score_c,MO1,3104,0.028967569297491336,0.9810771800466921,-2.364753991498593,2.422689130093576,0.9919304046893825,True,4.787443121592169,0.006050739102641816,,
Direct NCO,traffic_volume_raw_value,mo2_robotics_composite_score_c,MO2,3104,0.6497717562307818,0.07468171929365242,-0.06472506180811533,1.364268574269679,0.4449863133977432,False,1.4289936360777942,0.4547058432074139,,
Direct NCO,traffic_volume_raw_value,mo11_ai_automate_routine_tasks_pct_c,MO11,3102,0.0643342591605832,0.15253981612465886,-0.02380447436972756,0.15247299269089398,0.6279707091390803,True,0.17627746706062153,0.3649601973147184,,
Direct NCO,traffic_volume_raw_value,mo12_ai_optimize_workflows_pct_c,MO12,3102,0.06177991589725783,0.12266281933781216,-0.01665954151699295,0.1402193733115086,0.5613610175891516,True,0.15687891482850155,0.3938063694843568,,
Direct NCO,traffic_volume_raw_value,mo13_ai_predict_patient_demand_pct_c,MO13,3102,0.08953482639914864,0.16591885499057835,-0.03712919595167602,0.2161988487499733,0.6387875917137267,True,0.2533280447016493,0.353434324670196,,
Direct NCO,traffic_volume_raw_value,mo14_ai_predict_staff_needs_pct_c,MO14,3102,0.09333302745992145,0.12393684803916333,-0.02557139431552534,0.21223744923536825,0.5613610175891516,True,0.2378088435508936,0.3924708016165395,,
Direct NCO,traffic_volume_raw_value,mo15_ai_staff_scheduling_pct_c,MO15,3102,0.04267504836945364,0.42625168665349733,-0.062452187661969805,0.1478022844008771,0.8947671232836913,True,0.2102544720628469,0.20296856447694345,,
Direct NCO,voter_turnout_raw_value,mo1_genai_composite_score_c,MO1,3104,0.0005736112181204053,0.8144570378619657,-0.004216983938578846,0.005364206374819657,0.9323384059933857,True,0.009581190313398503,0.059868471385883804,,
Direct NCO,voter_turnout_raw_value,mo2_robotics_composite_score_c,MO2,3104,0.0025393759528914662,0.0003537517204048973,0.0011461631537833313,0.003932588751999601,0.013619441235588546,False,0.0027864255982162703,0.9113381511126826,,
Direct NCO,voter_turnout_raw_value,mo11_ai_automate_routine_tasks_pct_c,MO11,3104,5.992941338373611e-05,0.5270087282704616,-0.0001257541567380783,0.0002456129835055505,0.9323384059933857,True,0.00037136714024362883,0.1613751107446407,,
Direct NCO,voter_turnout_raw_value,mo12_ai_optimize_workflows_pct_c,MO12,3104,3.234703489105972e-05,0.7270847050365374,-0.0001493088655165599,0.00021400293529867935,0.9323384059933857,True,0.00036331180081523927,0.0890338128804951,,
Direct NCO,voter_turnout_raw_value,mo13_ai_predict_patient_demand_pct_c,MO13,3104,0.00010911936577507188,0.24647987220096967,-7.541967687156736e-05,0.0002936584084217111,0.7299596215182563,True,0.0003690780852932784,0.29565387413442057,,
Direct NCO,voter_turnout_raw_value,mo14_ai_predict_staff_needs_pct_c,MO14,3104,9.85265074126742e-05,0.2552450469020008,-7.120902113230167e-05,0.00026826203595765007,0.7327802329488445,True,0.00033947105708995173,0.29023536868584066,,
Direct NCO,voter_turnout_raw_value,mo15_ai_staff_scheduling_pct_c,MO15,3104,4.887071409915753e-05,0.6024802078066369,-0.00013503482339224365,0.0002327762515905587,0.9323384059933857,True,0.00036781107498280236,0.1328690662766002,,
Placebo Interaction (replace IV3),dv2_health_outcomes_score,,MO1,3104,,0.12143640968337759,-122.05016053162126,1041.4658617088692,0.2071347453282382,False,1163.5160222404904,,voter_turnout_raw_value,459.70785058862396
Placebo Interaction (replace IV3),dv2_health_outcomes_score,,MO11,3104,,0.03575012242383347,1.3930907260184853,40.4563501929932,0.07150024484766694,False,39.06325946697471,,voter_turnout_raw_value,20.924720459505842
Placebo Interaction (replace IV3),dv2_health_outcomes_score,,MO12,3104,,0.0908612060846694,-2.5962465705374456,35.22393848244354,0.1817224121693388,False,37.82018505298099,,voter_turnout_raw_value,16.31384595595305
Placebo Interaction (replace IV3),dv2_health_outcomes_score,,MO13,3104,,0.27615890226181894,-10.99379485152776,38.485083523461334,0.46026483710303157,True,49.478878374989094,,voter_turnout_raw_value,13.745644335966787
Placebo Interaction (replace IV3),dv2_health_outcomes_score,,MO14,3104,,0.20215925451576733,-7.682559312786259,36.31059531382732,0.3543299726589144,True,43.99315462661358,,voter_turnout_raw_value,14.314018000520532
Placebo Interaction (replace IV3),dv2_health_outcomes_score,,MO15,3104,,0.37689622306001236,-12.285160945055054,32.45645871740619,0.4194912616417944,True,44.74161966246125,,voter_turnout_raw_value,10.08564888617557
Placebo Interaction (replace IV3),dv2_health_outcomes_score,,MO2,3104,,0.9587943288329612,-174.23696640802876,165.28677799461042,0.9587943288329612,True,339.5237444026392,,voter_turnout_raw_value,-4.475094206709159
Placebo Interaction (replace IV3),dv21_premature_death_ypll_rate,,MO1,3056,,0.04110435414280631,48.166516789131265,2336.4351344115676,0.08220870828561262,False,2288.268617622436,,voter_turnout_raw_value,1192.3008256003495
Placebo Interaction (replace IV3),dv21_premature_death_ypll_rate,,MO11,3056,,0.00875301569881079,13.133150248052118,90.94732720978519,0.04376507849405395,False,77.81417696173307,,voter_turnout_raw_value,52.04023872891865
Placebo Interaction (replace IV3),dv21_premature_death_ypll_rate,,MO12,3056,,0.02873458603334713,4.377852054874872,79.9281940654171,0.09578195344449043,False,75.55034201054224,,voter_turnout_raw_value,42.15302306014599
Placebo Interaction (replace IV3),dv21_premature_death_ypll_rate,,MO13,3056,,0.1496439281725889,-13.18680310798404,86.37779761631714,0.27078447659674654,True,99.56460072430119,,voter_turnout_raw_value,36.59549725416655
Placebo Interaction (replace IV3),dv21_premature_death_ypll_rate,,MO14,3056,,0.09796850013639731,-6.936044071593464,82.15470805213968,0.2980803836828323,False,89.09075212373315,,voter_turnout_raw_value,37.609331990273105
Placebo Interaction (replace IV3),dv21_premature_death_ypll_rate,,MO15,3056,,0.18893514697857594,-14.626083236963886,74.09364361668813,0.23862182709836727,False,88.71972685365202,,voter_turnout_raw_value,29.733780189862117
Placebo Interaction (replace IV3),dv21_premature_death_ypll_rate,,MO2,3056,,0.5604889421806376,-244.26636845475258,450.66237135003854,0.6803476248777749,True,694.9287398047911,,voter_turnout_raw_value,103.198001447643
Placebo Interaction (replace IV3),dv2_health_outcomes_score,,MO1,3132,,0.0070716042752029355,146.2781253770076,928.0205055123852,0.02532492913805131,False,781.7423801353775,,census_participation_raw_value,537.1493154446964
Placebo Interaction (replace IV3),dv2_health_outcomes_score,,MO11,3132,,2.651274567068403e-06,16.778937299654746,40.81697135346198,2.651274567068403e-05,False,24.038034053807234,,census_participation_raw_value,28.79795432655836
Placebo Interaction (replace IV3),dv2_health_outcomes_score,,MO12,3132,,0.13605488698821055,-5.308893518564037,39.03291496480827,0.19436412426887223,False,44.341808483372304,,census_participation_raw_value,16.86201072312212
Placebo Interaction (replace IV3),dv2_health_outcomes_score,,MO13,3132,,0.5162524066047053,-16.91007538272219,33.6580594638557,0.7375034380067219,True,50.56813484657789,,census_participation_raw_value,8.373992040566755
Placebo Interaction (replace IV3),dv2_health_outcomes_score,,MO14,3132,,0.3437722350327771,-11.384874028765157,32.66047476803682,0.42971529379097134,True,44.045348796801974,,census_participation_raw_value,10.63780036963583
Placebo Interaction (replace IV3),dv2_health_outcomes_score,,MO15,3132,,0.0046317427854368695,6.829671509920447,37.54452961411414,0.023158713927184348,False,30.714858104193695,,census_participation_raw_value,22.187100562017292
Placebo Interaction (replace IV3),dv2_health_outcomes_score,,MO2,3132,,0.8870777060500366,-170.129229138258,196.70718639349926,0.9587943288329612,True,366.83641553175727,,census_participation_raw_value,13.288978627620622
Placebo Interaction (replace IV3),dv21_premature_death_ypll_rate,,MO1,3079,,0.005740104527754668,309.3638886422507,1820.862775182415,0.024957469323196466,False,1511.4988865401642,,census_participation_raw_value,1065.1133319123328
Placebo Interaction (replace IV3),dv21_premature_death_ypll_rate,,MO11,3079,,4.099817700589388e-06,32.88909428267924,81.60738921751364,4.099817700589388e-05,False,48.718294934834404,,census_participation_raw_value,57.24824175009644
Placebo Interaction (replace IV3),dv21_premature_death_ypll_rate,,MO12,3079,,0.12544811722877539,-9.325825389763189,76.15406166546921,0.1792115960411077,False,85.47988705523241,,census_participation_raw_value,33.41411813785301
Placebo Interaction (replace IV3),dv21_premature_death_ypll_rate,,MO13,3079,,0.5115328519472114,-32.26334375330761,64.7592068448607,0.7307612170674449,True,97.02255059816831,,census_participation_raw_value,16.24793154577654
Placebo Interaction (replace IV3),dv21_premature_death_ypll_rate,,MO14,3079,,0.34403871027459165,-22.10221902414434,63.36188090658954,0.43004838784323957,True,85.46409993073388,,census_participation_raw_value,20.6298309412226
Placebo Interaction (replace IV3),dv21_premature_death_ypll_rate,,MO15,3079,,0.0053059264396906475,13.075544954497698,74.98654923757618,0.026529632198453237,False,61.91100428307848,,census_participation_raw_value,44.03104709603694
Placebo Interaction (replace IV3),dv21_premature_death_ypll_rate,,MO2,3079,,0.8742157160187057,-324.744603724906,381.81315250508044,0.8742157160187057,True,706.5577562299865,,census_participation_raw_value,28.534274390087205
Placebo Interaction (replace IV3),dv2_health_outcomes_score,,MO1,3104,,0.8979225029119187,-0.7374401061284727,0.6468347039945807,0.8979225029119187,True,1.3842748101230533,,traffic_volume_raw_value,-0.045302701066946005
Placebo Interaction (replace IV3),dv2_health_outcomes_score,,MO11,3102,,0.9255228918199885,-0.01671593057409915,0.018390298799999708,0.9300927239747547,True,0.03510622937409886,,traffic_volume_raw_value,0.0008371841129502788
Placebo Interaction (replace IV3),dv2_health_outcomes_score,,MO12,3102,,0.3601415532244352,-0.021840382031169593,0.007937341880210617,0.450176941530544,True,0.02977772391138021,,traffic_volume_raw_value,-0.006951520075479487
Placebo Interaction (replace IV3),dv2_health_outcomes_score,,MO13,3102,,0.7923398408963493,-0.02252753626401327,0.017192162174098816,0.8233388641544332,True,0.039719698438112086,,traffic_volume_raw_value,-0.0026676870449572274
Placebo Interaction (replace IV3),dv2_health_outcomes_score,,MO14,3102,,0.7414149561400509,-0.01892454362859732,0.026586857517732248,0.7414149561400509,True,0.045511401146329566,,traffic_volume_raw_value,0.003831156944567464
Placebo Interaction (replace IV3),dv2_health_outcomes_score,,MO15,3102,,0.5327310746620295,-0.014935932209102411,0.028883268218161822,0.5327310746620295,True,0.043819200427264234,,traffic_volume_raw_value,0.006973668004529705
Placebo Interaction (replace IV3),dv2_health_outcomes_score,,MO2,3104,,0.11706959328651845,-0.3318174556097331,0.03694995162973083,0.2926739832162961,True,0.3687674072394639,,traffic_volume_raw_value,-0.1474337519900011
Placebo Interaction (replace IV3),dv21_premature_death_ypll_rate,,MO1,3055,,0.8670900593377435,-1.5176471735854427,1.2788611359206472,0.8670900593377435,True,2.79650830950609,,traffic_volume_raw_value,-0.11939301883239772
Placebo Interaction (replace IV3),dv21_premature_death_ypll_rate,,MO11,3055,,0.9775768565565632,-0.034605199272368416,0.035612154075147805,0.9775768565565632,True,0.07021735334751622,,traffic_volume_raw_value,0.0005034774013896945
Placebo Interaction (replace IV3),dv21_premature_death_ypll_rate,,MO12,3055,,0.358058680079121,-0.04540002758556244,0.01641404124591501,0.44757335009890126,True,0.061814068831477456,,traffic_volume_raw_value,-0.014492993169823713
Placebo Interaction (replace IV3),dv21_premature_death_ypll_rate,,MO13,3055,,0.7993448309317243,-0.04647411116597519,0.0358032504453918,0.8674252379338476,True,0.08227736161136699,,traffic_volume_raw_value,-0.005335430360291694
Placebo Interaction (replace IV3),dv21_premature_death_ypll_rate,,MO14,3055,,0.7688233276528045,-0.03956144346300329,0.05351982406571497,0.8542481418364494,True,0.09308126752871826,,traffic_volume_raw_value,0.006979190301355839
Placebo Interaction (replace IV3),dv21_premature_death_ypll_rate,,MO15,3055,,0.5470466372879916,-0.030482276586585838,0.05752093060749447,0.6078295969866574,True,0.08800320719408031,,traffic_volume_raw_value,0.013519327010454316
Placebo Interaction (replace IV3),dv21_premature_death_ypll_rate,,MO2,3055,,0.12352453389511062,-0.672138655771209,0.0806189434814445,0.3772491275227061,True,0.7527575992526535,,traffic_volume_raw_value,-0.29575985614488226
Placebo Interaction (replace IV3),dv2_health_outcomes_score,,MO1,3135,,0.38438490438349027,-305.5526138547376,793.1757624461321,0.4804811304793628,True,1098.7283763008697,,driving_alone_to_work_raw_value,243.81157429569726
Placebo Interaction (replace IV3),dv2_health_outcomes_score,,MO11,3133,,0.8210963681344428,-24.119013922040217,19.129162326924266,0.9300927239747547,True,43.248176248964484,,driving_alone_to_work_raw_value,-2.4949257975579755
Placebo Interaction (replace IV3),dv2_health_outcomes_score,,MO12,3133,,0.7427196224529308,-16.708917855495066,23.43164327835173,0.7427196224529308,True,40.140561133846795,,driving_alone_to_work_raw_value,3.361362711428331
Placebo Interaction (replace IV3),dv2_health_outcomes_score,,MO13,3133,,0.7550645898727607,-17.81263475302688,24.556557846751392,0.8233388641544332,True,42.36919259977827,,driving_alone_to_work_raw_value,3.3719615468622557
Placebo Interaction (replace IV3),dv2_health_outcomes_score,,MO14,3133,,0.7082485702156517,-18.771950259483155,27.631630174642282,0.7414149561400509,True,46.40358043412544,,driving_alone_to_work_raw_value,4.429839957579562
Placebo Interaction (replace IV3),dv2_health_outcomes_score,,MO15,3133,,0.37754213547761495,-12.101897091286265,31.923389677800518,0.4194912616417944,True,44.02528676908678,,driving_alone_to_work_raw_value,9.910746293257127
Placebo Interaction (replace IV3),dv2_health_outcomes_score,,MO2,3135,,0.07825429188552259,-24.039944685342846,449.36439664224645,0.2608476396184086,False,473.4043413275893,,driving_alone_to_work_raw_value,212.6622259784518
Placebo Interaction (replace IV3),dv21_premature_death_ypll_rate,,MO1,3080,,0.7757640354248123,-913.1533848374277,1223.705157536802,0.8619600393609026,True,2136.8585423742297,,driving_alone_to_work_raw_value,155.2758863496872
Placebo Interaction (replace IV3),dv21_premature_death_ypll_rate,,MO11,3080,,0.45428017413881483,-60.563869748863006,27.09602837713002,0.5678502176735185,True,87.65989812599302,,driving_alone_to_work_raw_value,-16.733920685866494
Placebo Interaction (replace IV3),dv21_premature_death_ypll_rate,,MO12,3080,,0.8584646371928265,-43.119339866603454,35.92722241586216,0.8584646371928265,True,79.04656228246562,,driving_alone_to_work_raw_value,-3.596058725370643
Placebo Interaction (replace IV3),dv21_premature_death_ypll_rate,,MO13,3080,,0.8264682692597153,-46.66901926674849,37.27895097673753,0.8674252379338476,True,83.94797024348603,,driving_alone_to_work_raw_value,-4.695034145005483
Placebo Interaction (replace IV3),dv21_premature_death_ypll_rate,,MO14,3080,,0.9351248711582667,-46.83311883674001,43.098206187630936,0.9351248711582667,True,89.93132502437095,,driving_alone_to_work_raw_value,-1.8674563245545386
Placebo Interaction (replace IV3),dv21_premature_death_ypll_rate,,MO15,3080,,0.6718999600632337,-33.31734463831473,51.68637243450349,0.6718999600632337,True,85.00371707281822,,driving_alone_to_work_raw_value,9.184513898094378
Placebo Interaction (replace IV3),dv21_premature_death_ypll_rate,,MO2,3080,,0.18629918136453605,-150.2963900539894,772.6208440080165,0.3772491275227061,True,922.917234062006,,driving_alone_to_work_raw_value,311.1622269770136
Placebo Interaction (replace IV3),dv2_health_outcomes_score,,MO1,3135,,0.5603829411529568,-392.2323151819956,212.55887881480413,0.6226477123921742,True,604.7911939967997,,long_commute_driving_alone_raw_value,-89.83671818359574
Placebo Interaction (replace IV3),dv2_health_outcomes_score,,MO11,3133,,0.9300927239747547,-13.03144722236423,11.914848614827834,0.9300927239747547,True,24.946295837192064,,long_commute_driving_alone_raw_value,-0.558299303768198
Placebo Interaction (replace IV3),dv2_health_outcomes_score,,MO12,3133,,0.703434982847005,-14.472957124740264,9.765142608850775,0.7427196224529308,True,24.23809973359104,,long_commute_driving_alone_raw_value,-2.353907257944744
Placebo Interaction (replace IV3),dv2_health_outcomes_score,,MO13,3133,,0.8233388641544332,-11.849553223823547,14.896051887373615,0.8233388641544332,True,26.74560511119716,,long_commute_driving_alone_raw_value,1.523249331775034
Placebo Interaction (replace IV3),dv2_health_outcomes_score,,MO14,3133,,0.2480309808612401,-17.0874047326277,4.4146975277934715,0.3543299726589144,True,21.50210226042117,,long_commute_driving_alone_raw_value,-6.336353602417114
Placebo Interaction (replace IV3),dv2_health_outcomes_score,,MO15,3133,,0.2066831158264445,-18.527586043781277,4.008406495259033,0.34447185971074085,True,22.535992539040308,,long_commute_driving_alone_raw_value,-7.259589774261123
Placebo Interaction (replace IV3),dv2_health_outcomes_score,,MO2,3135,,0.2264861414101963,-197.9029974651698,46.86244911802932,0.4529722828203926,True,244.7654465831991,,long_commute_driving_alone_raw_value,-75.52027417357024
Placebo Interaction (replace IV3),dv21_premature_death_ypll_rate,,MO1,3080,,0.5119866114868316,-805.9498937639086,401.85363071404197,0.6399832643585394,True,1207.8035244779505,,long_commute_driving_alone_raw_value,-202.0481315249333
Placebo Interaction (replace IV3),dv21_premature_death_ypll_rate,,MO11,3080,,0.8918577565488393,-26.703351584672298,23.23907102291313,0.9775768565565632,True,49.94242260758543,,long_commute_driving_alone_raw_value,-1.732140280879582
Placebo Interaction (replace IV3),dv21_premature_death_ypll_rate,,MO12,3080,,0.676993623367762,-29.127772364003217,18.916486253135478,0.7522151370752911,True,48.044258617138695,,long_commute_driving_alone_raw_value,-5.10564305543387
Placebo Interaction (replace IV3),dv21_premature_death_ypll_rate,,MO13,3080,,0.8674252379338476,-24.360823229833,28.896764575857997,0.8674252379338476,True,53.257587805690996,,long_commute_driving_alone_raw_value,2.267970673012499
Placebo Interaction (replace IV3),dv21_premature_death_ypll_rate,,MO14,3080,,0.20865626857798258,-34.52140044324649,7.540025162097642,0.2980803836828323,True,42.061425605344134,,long_commute_driving_alone_raw_value,-13.490687640574425
Placebo Interaction (replace IV3),dv21_premature_death_ypll_rate,,MO15,3080,,0.19089746167869381,-37.481991565637784,7.478696246985702,0.23862182709836727,False,44.96068781262349,,long_commute_driving_alone_raw_value,-15.001647659326043
Placebo Interaction (replace IV3),dv21_premature_death_ypll_rate,,MO2,3080,,0.18862456376135306,-402.3394258871955,79.28597708688918,0.3772491275227061,True,481.62540297408464,,long_commute_driving_alone_raw_value,-161.52672440015314
Placebo Interaction (replace IV3),dv2_health_outcomes_score,,MO1,2773,,0.02439158506298703,25.57835039415869,370.20303146719203,0.06097896265746757,False,344.62468107303334,,reading_scores_raw_value,197.89069093067536
Placebo Interaction (replace IV3),dv2_health_outcomes_score,,MO11,2773,,0.021582272703476065,1.1351430593320178,14.31249502074992,0.06477632596091006,False,13.177351961417902,,reading_scores_raw_value,7.7238190400409685
Placebo Interaction (replace IV3),dv2_health_outcomes_score,,MO12,2773,,0.0424046303527419,0.26665790342711215,15.293006008242482,0.141348767842473,False,15.02634810481537,,reading_scores_raw_value,7.779831955834797
Placebo Interaction (replace IV3),dv2_health_outcomes_score,,MO13,2773,,0.17467164886103126,-2.317092147713544,12.755172339726155,0.3493432977220625,True,15.0722644874397,,reading_scores_raw_value,5.219040096006305
Placebo Interaction (replace IV3),dv2_health_outcomes_score,,MO14,2773,,0.13231136629643514,-1.6215276352523125,12.350924135817426,0.3543299726589144,True,13.97245177106974,,reading_scores_raw_value,5.364698250282556
Placebo Interaction (replace IV3),dv2_health_outcomes_score,,MO15,2773,,0.03666035889143079,0.4807863200564464,15.027033425534505,0.09165089722857696,False,14.54624710547806,,reading_scores_raw_value,7.753909872795476
Placebo Interaction (replace IV3),dv2_health_outcomes_score,,MO2,2773,,0.6530484388490398,-40.680753976118694,64.89536753070358,0.8163105485612998,True,105.57612150682228,,reading_scores_raw_value,12.107306777292443
Placebo Interaction (replace IV3),dv21_premature_death_ypll_rate,,MO1,2767,,0.022024320174712432,58.19536484689695,749.5061429056474,0.05506080043678108,False,691.3107780587504,,reading_scores_raw_value,403.85075387627217
Placebo Interaction (replace IV3),dv21_premature_death_ypll_rate,,MO11,2767,,0.01978969439390943,2.4954755644928763,28.908734880328623,0.04853665918857049,False,26.413259315835745,,reading_scores_raw_value,15.70210522241075
Placebo Interaction (replace IV3),dv21_premature_death_ypll_rate,,MO12,2767,,0.03938439433467079,0.7712641224964596,30.9487310766459,0.09846098583667696,False,30.177466954149438,,reading_scores_raw_value,15.85999759957118
Placebo Interaction (replace IV3),dv21_premature_death_ypll_rate,,MO13,2767,,0.16247068595804792,-4.3553454314949605,25.96077360904645,0.27078447659674654,True,30.31611904054141,,reading_scores_raw_value,10.802714088775744
Placebo Interaction (replace IV3),dv21_premature_death_ypll_rate,,MO14,2767,,0.12252800722176592,-2.9804991929284483,25.123717268244725,0.2980803836828323,True,28.104216461173174,,reading_scores_raw_value,11.071609037658138
Placebo Interaction (replace IV3),dv21_premature_death_ypll_rate,,MO15,2767,,0.03337017240534672,1.2515945944131914,30.518151430920128,0.08342543101336679,False,29.266556836506936,,reading_scores_raw_value,15.88487301266666
Placebo Interaction (replace IV3),dv21_premature_death_ypll_rate,,MO2,2767,,0.6123128623899974,-78.9865043031574,134.0768764790281,0.6803476248777749,True,213.0633807821855,,reading_scores_raw_value,27.54518608793535
Placebo Interaction (replace IV3),dv2_health_outcomes_score,,MO1,2686,,0.0031769739468589762,68.2980149934364,338.6954268227589,0.02532492913805131,False,270.39741182932255,,math_scores_raw_value,203.49672090809764
Placebo Interaction (replace IV3),dv2_health_outcomes_score,,MO11,2686,,0.025910530384364024,0.7272287423619854,11.380562243372152,0.06477632596091006,False,10.653333501010167,,math_scores_raw_value,6.053895492867069
Placebo Interaction (replace IV3),dv2_health_outcomes_score,,MO12,2686,,0.012563379396220285,1.6328421753258864,13.575464442439596,0.06281689698110142,False,11.942622267113709,,math_scores_raw_value,7.604153308882742
Placebo Interaction (replace IV3),dv2_health_outcomes_score,,MO13,2686,,0.02330425758930192,0.8374531569051094,11.480356331957626,0.11652128794650961,False,10.642903175052517,,math_scores_raw_value,6.158904744431368
Placebo Interaction (replace IV3),dv2_health_outcomes_score,,MO14,2686,,0.0951301479162666,-0.8573692830908124,10.690733057895489,0.3543299726589144,False,11.5481023409863,,math_scores_raw_value,4.916681887402339
Placebo Interaction (replace IV3),dv2_health_outcomes_score,,MO15,2686,,0.0028713554176933126,3.0283476222606964,14.6525775079934,0.023158713927184348,False,11.624229885732703,,math_scores_raw_value,8.840462565127048
Placebo Interaction (replace IV3),dv2_health_outcomes_score,,MO2,2686,,0.45650008111621065,-31.89724153029293,70.98320034459988,0.6521429730231582,True,102.88044187489281,,math_scores_raw_value,19.542979407153474
Placebo Interaction (replace IV3),dv21_premature_death_ypll_rate,,MO1,2680,,0.00293683603559725,140.50482594433163,683.5038096400023,0.024957469323196466,False,542.9989836956706,,math_scores_raw_value,412.00431779216694
Placebo Interaction (replace IV3),dv21_premature_death_ypll_rate,,MO11,2680,,0.024268329594285244,1.5927759322574069,22.909849398287296,0.04853665918857049,False,21.31707346602989,,math_scores_raw_value,12.251312665272351
Placebo Interaction (replace IV3),dv21_premature_death_ypll_rate,,MO12,2680,,0.011775565861776227,3.4140126973869567,27.36145570482249,0.05887782930888113,False,23.94744300743553,,math_scores_raw_value,15.387734201104722
Placebo Interaction (replace IV3),dv21_premature_death_ypll_rate,,MO13,2680,,0.021772979006939957,1.8289583492090635,23.27228178243487,0.10886489503469977,False,21.443323433225807,,math_scores_raw_value,12.550620065821967
Placebo Interaction (replace IV3),dv21_premature_death_ypll_rate,,MO14,2680,,0.08985597352077185,-1.562738146824854,21.658189044625637,0.2980803836828323,False,23.220927191450492,,math_scores_raw_value,10.04772544890039
Placebo Interaction (replace IV3),dv21_premature_death_ypll_rate,,MO15,2680,,0.0027442630625844453,6.186746821900364,29.616964563931248,0.026529632198453237,False,23.430217742030884,,math_scores_raw_value,17.901855692915806
Placebo Interaction (replace IV3),dv21_premature_death_ypll_rate,,MO2,2680,,0.4373785779282803,-62.365808428320264,144.22756371047458,0.6803476248777749,True,206.59337213879485,,math_scores_raw_value,40.93087764107716
Placebo Interaction (replace IV3),dv2_health_outcomes_score,,MO1,3051,,0.3451592241932063,-0.00361738121649959,0.01033996248618555,0.4804811304793628,True,0.01395734370268514,,school_funding_adequacy_raw_value,0.0033612906348429797
Placebo Interaction (replace IV3),dv2_health_outcomes_score,,MO11,3051,,0.18919332020843715,-8.261521171218524e-05,0.00041792311835329743,0.3153222003473953,True,0.0005005383300654827,,school_funding_adequacy_raw_value,0.0001676539533205561
Placebo Interaction (replace IV3),dv2_health_outcomes_score,,MO12,3051,,0.11396305902876344,-4.6331186969791795e-05,0.0004324397448313067,0.18993843171460575,False,0.0004787709318010985,,school_funding_adequacy_raw_value,0.00019305427893075746
Placebo Interaction (replace IV3),dv2_health_outcomes_score,,MO13,3051,,0.16241185664301505,-8.258971725897958e-05,0.0004924897376922784,0.3493432977220625,True,0.0005750794549512579,,school_funding_adequacy_raw_value,0.00020495001021664938
Placebo Interaction (replace IV3),dv2_health_outcomes_score,,MO14,3051,,0.22382497914553257,-0.00011842310485915417,0.0005058977611103845,0.3543299726589144,True,0.0006243208659695387,,school_funding_adequacy_raw_value,0.00019373732812561514
Placebo Interaction (replace IV3),dv2_health_outcomes_score,,MO15,3051,,0.2634367547706543,-0.0001172445509171076,0.00042880818481818466,0.37633822110093473,True,0.0005460527357352922,,school_funding_adequacy_raw_value,0.00015578181695053851
Placebo Interaction (replace IV3),dv2_health_outcomes_score,,MO2,3051,,0.4082629156223131,-0.003100463655739974,0.0012604800763589864,0.6521429730231582,True,0.00436094373209896,,school_funding_adequacy_raw_value,-0.0009199917896904938
Placebo Interaction (replace IV3),dv21_premature_death_ypll_rate,,MO1,3015,,0.2527915977866314,-0.005935897265409789,0.022566278580644028,0.36113085398090206,True,0.028502175846053815,,school_funding_adequacy_raw_value,0.00831519065761712
Placebo Interaction (replace IV3),dv21_premature_death_ypll_rate,,MO11,3015,,0.12618160719720478,-0.0001124262045618837,0.0009109648229106954,0.21030267866200797,False,0.0010233910274725791,,school_funding_adequacy_raw_value,0.00039926930917440586
Placebo Interaction (replace IV3),dv21_premature_death_ypll_rate,,MO12,3015,,0.07374697513280222,-4.30208322280424e-05,0.0009386687270228502,0.12291162522133704,False,0.0009816895592508926,,school_funding_adequacy_raw_value,0.0004478239473974039
Placebo Interaction (replace IV3),dv21_premature_death_ypll_rate,,MO13,3015,,0.11561235347449052,-0.00011690904586355341,0.001068783741842114,0.27078447659674654,True,0.0011856927877056675,,school_funding_adequacy_raw_value,0.00047593734798928025
Placebo Interaction (replace IV3),dv21_premature_death_ypll_rate,,MO14,3015,,0.16760171666110024,-0.00019201353895822082,0.0011056803535209763,0.2980803836828323,True,0.0012976938924791973,,school_funding_adequacy_raw_value,0.0004568334072813778
Placebo Interaction (replace IV3),dv21_premature_death_ypll_rate,,MO15,3015,,0.17758052429989202,-0.0001740679595754463,0.000941363567392999,0.23862182709836727,False,0.0011154315269684453,,school_funding_adequacy_raw_value,0.00038364780390877633
Placebo Interaction (replace IV3),dv21_premature_death_ypll_rate,,MO2,3015,,0.5831228336869668,-0.005552986728088891,0.00312341999974345,0.6803476248777749,True,0.00867640672783234,,school_funding_adequacy_raw_value,-0.0012147833641727203
Placebo Interaction (replace IV3),dv2_health_outcomes_score,,MO1,2914,,0.007597478741415392,-1300.6916307763531,-199.33978764895198,0.02532492913805131,False,1101.351843127401,,school_segregation_raw_value,-750.0157092126526
Placebo Interaction (replace IV3),dv2_health_outcomes_score,,MO11,2912,,0.01368248662759856,-45.31654091989327,-5.176600866530038,0.06477632596091006,False,40.13994005336323,,school_segregation_raw_value,-25.246570893211654
Placebo Interaction (replace IV3),dv2_health_outcomes_score,,MO12,2912,,0.0028709516327012825,-51.73362471385278,-10.69249696952576,0.028709516327012824,False,41.041127744327014,,school_segregation_raw_value,-31.21306084168927
Placebo Interaction (replace IV3),dv2_health_outcomes_score,,MO13,2912,,0.01140942387458304,-48.671082382002716,-6.178251172088849,0.1140942387458304,False,42.49283120991387,,school_segregation_raw_value,-27.424666777045783
Placebo Interaction (replace IV3),dv2_health_outcomes_score,,MO14,2912,,0.006029987688555015,-45.646661680125675,-7.62553233876422,0.06029987688555014,False,38.02112934136146,,school_segregation_raw_value,-26.636097009444946
Placebo Interaction (replace IV3),dv2_health_outcomes_score,,MO15,2912,,0.010121701971009343,-47.060259461679614,-6.352227598223607,0.03373900657003114,False,40.70803186345601,,school_segregation_raw_value,-26.70624352995161
Placebo Interaction (replace IV3),dv2_health_outcomes_score,,MO2,2914,,0.004873439469443281,-493.85522420784673,-88.45689124675411,0.04873439469443281,False,405.3983329610926,,school_segregation_raw_value,-291.15605772730044
Placebo Interaction (replace IV3),dv21_premature_death_ypll_rate,,MO1,2900,,0.00748724079695894,-2641.2384625748955,-407.15462721611925,0.024957469323196466,False,2234.083835358776,,school_segregation_raw_value,-1524.1965448955075
Placebo Interaction (replace IV3),dv21_premature_death_ypll_rate,,MO11,2900,,0.013455373985238042,-92.11559997230302,-10.632853413277559,0.04485124661746014,False,81.48274655902546,,school_segregation_raw_value,-51.37422669279029
Placebo Interaction (replace IV3),dv21_premature_death_ypll_rate,,MO12,2900,,0.002730796177834251,-104.82129624716889,-21.921428757233087,0.027307961778342507,False,82.8998674899358,,school_segregation_raw_value,-63.37136250220099
Placebo Interaction (replace IV3),dv21_premature_death_ypll_rate,,MO13,2900,,0.010742020519170377,-98.6956235332043,-12.930946073922769,0.10742020519170375,False,85.76467745928153,,school_segregation_raw_value,-55.81328480356353
Placebo Interaction (replace IV3),dv21_premature_death_ypll_rate,,MO14,2900,,0.005758232141111861,-92.53615196892129,-15.705106037001798,0.05758232141111861,False,76.83104593191949,,school_segregation_raw_value,-54.12062900296154
Placebo Interaction (replace IV3),dv21_premature_death_ypll_rate,,MO15,2900,,0.009893043066571745,-95.4093827764208,-13.022087188355613,0.03297681022190582,False,82.38729558806519,,school_segregation_raw_value,-54.215734982388206
Placebo Interaction (replace IV3),dv21_premature_death_ypll_rate,,MO2,2900,,0.004754490350465074,-1004.9463386585726,-181.3688527154091,0.04754490350465074,False,823.5774859431635,,school_segregation_raw_value,-593.1575956869908
Placebo Interaction (replace IV3),dv2_health_outcomes_score,,MO1,3129,,0.12428084719694292,-901.4338389692809,109.01531324355147,0.2071347453282382,False,1010.4491522128324,,gender_pay_gap_raw_value,-396.20926286286476
Placebo Interaction (replace IV3),dv2_health_outcomes_score,,MO11,3127,,0.4278225226925002,-28.900413313288833,12.251848861300662,0.6111750324178574,True,41.152262174589495,,gender_pay_gap_raw_value,-8.324282225994086
Placebo Interaction (replace IV3),dv2_health_outcomes_score,,MO12,3127,,0.06291319746218506,-33.34591826572762,0.8743754197609626,0.15728299365546264,False,34.220293685488585,,gender_pay_gap_raw_value,-16.235771422983326
Placebo Interaction (replace IV3),dv2_health_outcomes_score,,MO13,3127,,0.09986532368797393,-34.68808834015939,3.025378926890987,0.33288441229324645,False,37.713467267050376,,gender_pay_gap_raw_value,-15.831354706634201
Placebo Interaction (replace IV3),dv2_health_outcomes_score,,MO14,3127,,0.21792394924324332,-31.422789275786645,7.165513902251842,0.3543299726589144,True,38.58830317803849,,gender_pay_gap_raw_value,-12.128637686767402
Placebo Interaction (replace IV3),dv2_health_outcomes_score,,MO15,3127,,0.18908219082215283,-36.20968707414906,7.153575402069105,0.34447185971074085,True,43.36326247621817,,gender_pay_gap_raw_value,-14.528055836039979
Placebo Interaction (replace IV3),dv2_health_outcomes_score,,MO2,3129,,0.04300696869335303,-316.8603269497163,-5.0650422100457035,0.21503484346676513,False,311.7952847396706,,gender_pay_gap_raw_value,-160.962684579881
Placebo Interaction (replace IV3),dv21_premature_death_ypll_rate,,MO1,3077,,0.12335783467200476,-1882.2366436678078,225.3507288680978,0.20559639112000794,False,2107.5873725359056,,gender_pay_gap_raw_value,-828.442957399855
Placebo Interaction (replace IV3),dv21_premature_death_ypll_rate,,MO11,3077,,0.40325739882993716,-61.04569213730936,24.545649593853554,0.5678502176735185,True,85.59134173116291,,gender_pay_gap_raw_value,-18.250021271727903
Placebo Interaction (replace IV3),dv21_premature_death_ypll_rate,,MO12,3077,,0.05722411730692914,-69.83287550294452,1.0555507352964923,0.11444823461385828,False,70.88842623824101,,gender_pay_gap_raw_value,-34.38866238382401
Placebo Interaction (replace IV3),dv21_premature_death_ypll_rate,,MO13,3077,,0.09148585095798922,-71.08993249167315,5.3080540946719665,0.27078447659674654,False,76.39798658634513,,gender_pay_gap_raw_value,-32.89093919850059
Placebo Interaction (replace IV3),dv21_premature_death_ypll_rate,,MO14,3077,,0.20499736328157236,-65.66622572939698,14.090362823915278,0.2980803836828323,True,79.75658855331227,,gender_pay_gap_raw_value,-25.78793145274085
Placebo Interaction (replace IV3),dv21_premature_death_ypll_rate,,MO15,3077,,0.18663925898102418,-74.4306012553941,14.506481800372185,0.23862182709836727,False,88.93708305576628,,gender_pay_gap_raw_value,-29.962059727510955
Placebo Interaction (replace IV3),dv21_premature_death_ypll_rate,,MO2,3077,,0.04923584076677867,-660.7565418902103,-1.107239193502778,0.24617920383389336,False,659.6493026967075,,gender_pay_gap_raw_value,-330.93189054185655
Placebo Outcome (keep IV3MO),voter_turnout_raw_value,,MO1,3104,,0.5132190812162694,-0.00036774467760883827,0.00018376424985893947,0.5132190812162694,True,0.0005515089274677777,,,-9.19902138749494e-05
Placebo Outcome (keep IV3MO),voter_turnout_raw_value,,MO11,3104,,0.5598333546421252,-1.273282554433365e-05,6.893882313123751e-06,0.5598333546421252,True,1.96267078574574e-05,,,-2.919471615604949e-06
Placebo Outcome (keep IV3MO),voter_turnout_raw_value,,MO12,3104,,0.9480355070359618,-1.0203631406850231e-05,9.546875253899706e-06,0.9480355070359618,True,1.9750506660749938e-05,,,-3.2837807647526234e-07
Placebo Outcome (keep IV3MO),voter_turnout_raw_value,,MO13,3104,,0.23727112690240082,-1.3614302662537787e-05,3.371852051411208e-06,0.23727112690240082,False,1.6986154713948995e-05,,,-5.12122530556329e-06
Placebo Outcome (keep IV3MO),voter_turnout_raw_value,,MO14,3104,,0.875813789026915,-6.728009146985289e-06,7.893889262922998e-06,0.875813789026915,True,1.4621898409908287e-05,,,5.829400579688548e-07
Placebo Outcome (keep IV3MO),voter_turnout_raw_value,,MO15,3104,,0.7086283275345806,-6.507441019099653e-06,9.573541067820057e-06,0.7086283275345806,True,1.608098208691971e-05,,,1.5330500243602022e-06
Placebo Outcome (keep IV3MO),voter_turnout_raw_value,,MO2,3104,,0.0006016777575172178,-0.00015782114364329007,-4.306171822201196e-05,0.0006016777575172178,False,0.00011475942542127811,,,-0.00010044143093265102
Placebo Outcome (keep IV3MO),census_participation_raw_value,,MO1,3132,,0.8341500753456585,-0.00020197633406725517,0.00025029192266528253,0.8341500753456585,True,0.0004522682567325377,,,2.415779429901368e-05
Placebo Outcome (keep IV3MO),census_participation_raw_value,,MO11,3132,,0.38106849744368443,-1.1639284161459342e-05,4.449176073972589e-06,0.38106849744368443,True,1.608846023543193e-05,,,-3.5950540437433764e-06
Placebo Outcome (keep IV3MO),census_participation_raw_value,,MO12,3132,,0.04622533034197133,-1.3381281441737243e-05,-1.129385283920706e-07,0.04622533034197133,False,1.3268342913345172e-05,,,-6.747109985064657e-06
Placebo Outcome (keep IV3MO),census_participation_raw_value,,MO13,3132,,0.6930893424238737,-9.660388002433816e-06,6.421979145852739e-06,0.6930893424238737,True,1.6082367148286555e-05,,,-1.6192044282905383e-06
Placebo Outcome (keep IV3MO),census_participation_raw_value,,MO14,3132,,0.5888736087792141,-1.0488384230268835e-05,5.954252043029696e-06,0.5888736087792141,True,1.644263627329853e-05,,,-2.2670660936195694e-06
Placebo Outcome (keep IV3MO),census_participation_raw_value,,MO15,3132,,0.4302276061949897,-1.0668916233222329e-05,4.545685477021055e-06,0.4302276061949897,True,1.5214601710243384e-05,,,-3.061615378100637e-06
Placebo Outcome (keep IV3MO),census_participation_raw_value,,MO2,3132,,0.006432061008044355,-0.00010798831194463646,-1.7632169044489327e-05,0.006432061008044355,False,9.035614290014713e-05,,,-6.28102404945629e-05
Placebo Outcome (keep IV3MO),traffic_volume_raw_value,,MO1,3104,,2.464370392245796e-07,0.2892719760913513,0.643576560472668,2.464370392245796e-07,False,0.3543045843813167,,,0.4664242682820096
Placebo Outcome (keep IV3MO),traffic_volume_raw_value,,MO11,3102,,1.804044375409192e-12,0.014756166174872002,0.026122725652598162,1.804044375409192e-12,False,0.01136655947772616,,,0.02043944591373508
Placebo Outcome (keep IV3MO),traffic_volume_raw_value,,MO12,3102,,2.5756184938759057e-09,0.010772771609994316,0.021338817190672873,2.5756184938759057e-09,False,0.010566045580678557,,,0.016055794400333594
Placebo Outcome (keep IV3MO),traffic_volume_raw_value,,MO13,3102,,8.428994085569197e-08,0.011111304399732411,0.02393030060338431,8.428994085569197e-08,False,0.012818996203651898,,,0.01752080250155836
Placebo Outcome (keep IV3MO),traffic_volume_raw_value,,MO14,3102,,3.4015287216615954e-05,0.007929581117411166,0.0221566413905769,3.4015287216615954e-05,False,0.014227060273165733,,,0.015043111253994032
Placebo Outcome (keep IV3MO),traffic_volume_raw_value,,MO15,3102,,0.0005239093420752002,0.00517939764551049,0.018640510633948438,0.0005239093420752002,False,0.013461112988437947,,,0.011909954139729464
Placebo Outcome (keep IV3MO),traffic_volume_raw_value,,MO2,3104,,0.0018969121602780328,0.026881240896186938,0.11883327372958108,0.0018969121602780328,False,0.09195203283339415,,,0.072857257312884
Placebo Outcome (keep IV3MO),gender_pay_gap_raw_value,,MO1,3129,,0.18531261875130212,-6.084599287255077e-05,0.0003145325350035874,0.18531261875130212,False,0.0003753785278761382,,,0.0001268432710655183
Placebo Outcome (keep IV3MO),gender_pay_gap_raw_value,,MO11,3127,,0.1402375560227115,-1.542656301540891e-06,1.0924128859829227e-05,0.1402375560227115,False,1.2466785161370118e-05,,,4.690736279144168e-06
Placebo Outcome (keep IV3MO),gender_pay_gap_raw_value,,MO12,3127,,0.03201313847169968,5.006304964460319e-07,1.1149688220520718e-05,0.03201313847169968,False,1.0649057724074685e-05,,,5.8251593584833745e-06
Placebo Outcome (keep IV3MO),gender_pay_gap_raw_value,,MO13,3127,,0.1801326874528193,-1.8695082751903945e-06,9.957690213059138e-06,0.1801326874528193,False,1.1827198488249532e-05,,,4.044090968934372e-06
Placebo Outcome (keep IV3MO),gender_pay_gap_raw_value,,MO14,3127,,0.016290245605988487,1.4752759792299613e-06,1.4547602013043193e-05,0.016290245605988487,False,1.3072326033813231e-05,,,8.011438996136577e-06
Placebo Outcome (keep IV3MO),gender_pay_gap_raw_value,,MO15,3127,,0.11847402040893129,-1.5710185336893257e-06,1.387281942835177e-05,0.11847402040893129,False,1.5443837962041096e-05,,,6.150900447331222e-06
Placebo Outcome (keep IV3MO),gender_pay_gap_raw_value,,MO2,3129,,0.3699036978793019,-6.716744066756158e-05,2.5001534028503933e-05,0.3699036978793019,True,9.21689746960655e-05,,,-2.1082953319528827e-05
Placebo Outcome (keep IV3MO),reading_scores_raw_value,,MO1,2773,,0.19004559273061583,-0.0013703734881851,0.0002721631557708116,0.19004559273061583,False,0.0016425366439559116,,,-0.0005491051662071442
Placebo Outcome (keep IV3MO),reading_scores_raw_value,,MO11,2773,,0.15030044616657454,-5.469909619452208e-05,8.39362587994369e-06,0.15030044616657454,False,6.309272207446577e-05,,,-2.3152735157289195e-05
Placebo Outcome (keep IV3MO),reading_scores_raw_value,,MO12,2773,,0.1993512289086693,-4.172268373245502e-05,8.703296332012583e-06,0.1993512289086693,False,5.04259800644676e-05,,,-1.6509693700221215e-05
Placebo Outcome (keep IV3MO),reading_scores_raw_value,,MO13,2773,,0.037784896367576565,-4.8222362147170935e-05,-1.4001135243750915e-06,0.037784896367576565,False,4.682224862279585e-05,,,-2.481123783577301e-05
Placebo Outcome (keep IV3MO),reading_scores_raw_value,,MO14,2773,,0.012727219518684043,-5.545984454442161e-05,-6.620234972223883e-06,0.012727219518684043,False,4.883960957219773e-05,,,-3.104003975832275e-05
Placebo Outcome (keep IV3MO),reading_scores_raw_value,,MO15,2773,,0.12661466023738885,-4.445467379336299e-05,5.511342238981741e-06,0.12661466023738885,False,4.9966016032344725e-05,,,-1.947166577719062e-05
Placebo Outcome (keep IV3MO),reading_scores_raw_value,,MO2,2773,,0.0044437842976470295,-0.0003932832932666024,-7.242699367307693e-05,0.0044437842976470295,False,0.00032085629959352545,,,-0.00023285514346983965
Placebo Outcome (keep IV3MO),math_scores_raw_value,,MO1,2686,,0.08778656525701821,-0.0017679628672903577,0.00012186376996413222,0.08778656525701821,False,0.00188982663725449,,,-0.0008230495486631127
Placebo Outcome (keep IV3MO),math_scores_raw_value,,MO11,2686,,0.0008036238300527595,-7.064871172532815e-05,-1.850949200890055e-05,0.0008036238300527595,False,5.21392197164276e-05,,,-4.457910186711435e-05
Placebo Outcome (keep IV3MO),math_scores_raw_value,,MO12,2686,,0.046200804460526414,-5.413025405641058e-05,-4.5990484025883486e-07,0.046200804460526414,False,5.367034921615174e-05,,,-2.7295079448334707e-05
Placebo Outcome (keep IV3MO),math_scores_raw_value,,MO13,2686,,0.09945170624895174,-5.362416592898233e-05,4.6444251132235285e-06,0.09945170624895174,False,5.8268591042205865e-05,,,-2.44898704078794e-05
Placebo Outcome (keep IV3MO),math_scores_raw_value,,MO14,2686,,0.0446738399435309,-5.468915352762806e-05,-6.581513897305816e-07,0.0446738399435309,False,5.403100213789748e-05,,,-2.767365245867932e-05
Placebo Outcome (keep IV3MO),math_scores_raw_value,,MO15,2686,,0.1478725431664989,-5.177232202647655e-05,7.793493333788495e-06,0.1478725431664989,False,5.956581536026504e-05,,,-2.198941434634403e-05
Placebo Outcome (keep IV3MO),math_scores_raw_value,,MO2,2686,,0.05131249794075406,-0.00040282258659757667,1.1446219355167736e-06,0.05131249794075406,False,0.00040396720853309344,,,-0.00020083898233102995
Placebo Outcome (keep IV3MO),long_commute_driving_alone_raw_value,,MO1,3135,,0.361109291608149,-0.000526671504236036,0.00019186597239191633,0.361109291608149,True,0.0007185374766279524,,,-0.0001674027659220598
Placebo Outcome (keep IV3MO),long_commute_driving_alone_raw_value,,MO11,3133,,0.6824672576718448,-1.3529684553652159e-05,8.856970758245034e-06,0.6824672576718448,True,2.2386655311897193e-05,,,-2.3363568977035625e-06
Placebo Outcome (keep IV3MO),long_commute_driving_alone_raw_value,,MO12,3133,,0.6529316380952079,-1.1740781391223843e-05,7.358622734476788e-06,0.6529316380952079,True,1.909940412570063e-05,,,-2.1910793283735276e-06
Placebo Outcome (keep IV3MO),long_commute_driving_alone_raw_value,,MO13,3133,,0.8337612388689639,-1.105551696697575e-05,8.916807352343763e-06,0.8337612388689639,True,1.9972324319319513e-05,,,-1.0693548073159928e-06
Placebo Outcome (keep IV3MO),long_commute_driving_alone_raw_value,,MO14,3133,,0.21083502887898586,-1.7807172683436016e-05,3.9298846267889114e-06,0.21083502887898586,False,2.1737057310224927e-05,,,-6.938644028323552e-06
Placebo Outcome (keep IV3MO),long_commute_driving_alone_raw_value,,MO15,3133,,0.2067047853414834,-1.9982842443059742e-05,4.323702940894882e-06,0.2067047853414834,False,2.4306545383954626e-05,,,-7.82956975108243e-06
Placebo Outcome (keep IV3MO),long_commute_driving_alone_raw_value,,MO2,3135,,0.0008779665314647033,-0.0002300644459127081,-5.9486090424311775e-05,0.0008779665314647033,False,0.00017057835548839632,,,-0.00014477526816850995
